Entity,Code,Year,Fertilizer consumption (FAO (2017) & Federico (2008)) (kilograms per hectare)
Afghanistan,AFG,2002,3.40336025
Afghanistan,AFG,2003,3.275090067
Afghanistan,AFG,2004,4.535568066
Afghanistan,AFG,2005,4.240358744
Afghanistan,AFG,2006,6.290993072
Afghanistan,AFG,2007,3.618809341
Afghanistan,AFG,2008,2.988067744
Afghanistan,AFG,2009,4.521493648
Afghanistan,AFG,2010,4.254972411
Afghanistan,AFG,2011,6.610062893
Afghanistan,AFG,2012,28.06559692
Afghanistan,AFG,2013,14.87925498
Afghanistan,AFG,2014,12.28670699
Albania,ALB,2002,97.18512111
Albania,ALB,2003,98.93252595
Albania,ALB,2004,100.5986159
Albania,ALB,2005,111.5966543
Albania,ALB,2006,85.09246575
Albania,ALB,2007,87.16782007
Albania,ALB,2008,75.87704918
Albania,ALB,2009,89.38587849
Albania,ALB,2010,97.32268371
Albania,ALB,2011,97.13665595
Albania,ALB,2012,92.77176547
Albania,ALB,2013,87.47690812
Albania,ALB,2014,87.69005848
Algeria,DZA,2002,9.641579436
Algeria,DZA,2003,6.001172755
Algeria,DZA,2004,25.09515548
Algeria,DZA,2005,7.429902809
Algeria,DZA,2006,13.2626506
Algeria,DZA,2007,14.96157451
Algeria,DZA,2008,8.576712512
Algeria,DZA,2009,13.98665421
Algeria,DZA,2010,19.48147161
Algeria,DZA,2011,17.48507065
Algeria,DZA,2012,21.78032372
Algeria,DZA,2013,16.92724314
Algeria,DZA,2014,51.32085576
Angola,AGO,2002,1.659032258
Angola,AGO,2003,1.788787879
Angola,AGO,2004,4.501515152
Angola,AGO,2005,2.260606061
Angola,AGO,2006,3.66
Angola,AGO,2007,3.305
Angola,AGO,2008,8.258823529
Angola,AGO,2009,5.47225
Angola,AGO,2010,8.43
Angola,AGO,2011,11.98382979
Angola,AGO,2012,13.55808511
Angola,AGO,2013,14.44897959
Angola,AGO,2014,6.955306122
Antigua and Barbuda,ATG,2002,13
Antigua and Barbuda,ATG,2003,27.25
Antigua and Barbuda,ATG,2004,7.5
Antigua and Barbuda,ATG,2005,6
Antigua and Barbuda,ATG,2006,4.5
Antigua and Barbuda,ATG,2007,0.5
Antigua and Barbuda,ATG,2008,3.5
Antigua and Barbuda,ATG,2009,13.25
Antigua and Barbuda,ATG,2010,3
Antigua and Barbuda,ATG,2011,3.25
Antigua and Barbuda,ATG,2012,4.5
Antigua and Barbuda,ATG,2013,8.5
Antigua and Barbuda,ATG,2014,8
Arab World,,2002,57.18838487
Arab World,,2003,64.25948136
Arab World,,2004,64.08598314
Arab World,,2005,68.81264283
Arab World,,2006,59.43072533
Arab World,,2007,61.65731298
Arab World,,2008,64.87866919
Arab World,,2009,56.93664887
Arab World,,2010,62.09016682
Arab World,,2011,71.54263716
Arab World,,2012,83.82677576
Arab World,,2013,74.88089612
Arab World,,2014,76.92618974
Argentina,ARG,2002,30.2339387
Argentina,ARG,2003,41.84670629
Argentina,ARG,2004,45.30911454
Argentina,ARG,2005,36.40231021
Argentina,ARG,2006,41.41125839
Argentina,ARG,2007,49.25671781
Argentina,ARG,2008,35.21496838
Argentina,ARG,2009,22.98477779
Argentina,ARG,2010,39.18080093
Argentina,ARG,2011,41.71741317
Argentina,ARG,2012,35.30910097
Argentina,ARG,2013,36.14567118
Argentina,ARG,2014,35.95382653
Armenia,ARM,2002,34.52307692
Armenia,ARM,2003,22.9978022
Armenia,ARM,2004,31.65054945
Armenia,ARM,2005,22.69230769
Armenia,ARM,2006,27.8449989
Armenia,ARM,2007,15.33289095
Armenia,ARM,2008,18.15053286
Armenia,ARM,2009,29.66622163
Armenia,ARM,2010,24.20289855
Armenia,ARM,2011,27.36865539
Armenia,ARM,2012,33.70428189
Armenia,ARM,2013,45.19634092
Armenia,ARM,2014,42.26815642
Australia,AUS,2002,47.57003285
Australia,AUS,2003,46.20960884
Australia,AUS,2004,50.93940473
Australia,AUS,2005,44.85445933
Australia,AUS,2006,43.46012784
Australia,AUS,2007,46.81468056
Australia,AUS,2008,42.60442484
Australia,AUS,2009,36.25043844
Australia,AUS,2010,46.31648186
Australia,AUS,2011,45.27874491
Australia,AUS,2012,46.61972279
Australia,AUS,2013,49.20000433
Australia,AUS,2014,54.18585088
Austria,AUT,2002,234.0238267
Austria,AUT,2003,297.138468
Austria,AUT,2004,131.3427101
Austria,AUT,2005,135.7159412
Austria,AUT,2006,130.6992448
Austria,AUT,2007,110.2667151
Austria,AUT,2008,110.0452885
Austria,AUT,2009,83.40626372
Austria,AUT,2010,108.4873149
Austria,AUT,2011,103.3892321
Austria,AUT,2012,103.6823851
Austria,AUT,2013,103.7742817
Austria,AUT,2014,103.9431827
Azerbaijan,AZE,2002,10.43378871
Azerbaijan,AZE,2003,7.642099538
Azerbaijan,AZE,2004,11.9747922
Azerbaijan,AZE,2005,13.36046007
Azerbaijan,AZE,2006,13.33894531
Azerbaijan,AZE,2007,10.63754045
Azerbaijan,AZE,2008,20.9375336
Azerbaijan,AZE,2009,13.41141942
Azerbaijan,AZE,2010,9.954885622
Azerbaijan,AZE,2011,15.57458769
Azerbaijan,AZE,2012,17.97026571
Azerbaijan,AZE,2013,17.60349037
Azerbaijan,AZE,2014,26.25071373
Bahrain,BHR,2002,8964.5
Bahrain,BHR,2003,103.5294118
Bahrain,BHR,2005,2906.666667
Bahrain,BHR,2006,9436.551724
Bahrain,BHR,2007,798.5714286
Bahrain,BHR,2008,1993.333333
Bahrain,BHR,2009,947.7941176
Bahrain,BHR,2010,1721.25
Bahrain,BHR,2011,1178.125
Bahrain,BHR,2012,1553.125
Bahrain,BHR,2013,1606.25
Bahrain,BHR,2014,1318.75
Bangladesh,BGD,2002,188.6391615
Bangladesh,BGD,2003,160.2668935
Bangladesh,BGD,2004,170.6713742
Bangladesh,BGD,2005,197.7487043
Bangladesh,BGD,2006,193.1901015
Bangladesh,BGD,2007,184.4110798
Bangladesh,BGD,2008,200.0640779
Bangladesh,BGD,2009,188.8528733
Bangladesh,BGD,2010,212.9639327
Bangladesh,BGD,2011,255.764522
Bangladesh,BGD,2012,260.4432855
Bangladesh,BGD,2013,254.6001563
Bangladesh,BGD,2014,279.2202373
Barbados,BRB,2002,45.85714286
Barbados,BRB,2003,79.71428571
Barbados,BRB,2004,214.2307692
Barbados,BRB,2005,109.0769231
Barbados,BRB,2006,139
Barbados,BRB,2007,133.6153846
Barbados,BRB,2008,135.1538462
Barbados,BRB,2009,77
Barbados,BRB,2010,135.0833333
Barbados,BRB,2011,96.27272727
Barbados,BRB,2012,173.5454545
Barbados,BRB,2013,109.7272727
Barbados,BRB,2014,46.63636364
Belarus,BLR,2002,135.9864672
Belarus,BLR,2003,135.6257856
Belarus,BLR,2004,146.9178082
Belarus,BLR,2005,167.7011909
Belarus,BLR,2006,231.967509
Belarus,BLR,2007,218.3547744
Belarus,BLR,2008,237.4184191
Belarus,BLR,2009,281.1147186
Belarus,BLR,2010,270.4607046
Belarus,BLR,2011,303.8885874
Belarus,BLR,2012,271.3871786
Belarus,BLR,2013,255.6687715
Belarus,BLR,2014,214.9382716
Belgium,BEL,1900,15.3
Belgium,BEL,1913,35.5
Belgium,BEL,1922,85.9
Belgium,BEL,1957,196.1
Belgium,BEL,1999,369.4
Belgium,BEL,2002,327.8918269
Belgium,BEL,2003,313.8371257
Belgium,BEL,2004,339.8559524
Belgium,BEL,2005,329.143535
Belgium,BEL,2006,316.4524941
Belgium,BEL,2007,316.3933254
Belgium,BEL,2008,328.9123223
Belgium,BEL,2009,246.25
Belgium,BEL,2010,279.1702638
Belgium,BEL,2011,286.1963636
Belgium,BEL,2012,294.0373599
Belgium,BEL,2013,286.6139706
Belgium,BEL,2014,287.1566707
Belize,BLZ,2002,367.7285714
Belize,BLZ,2003,382.3714286
Belize,BLZ,2004,78.65714286
Belize,BLZ,2005,81
Belize,BLZ,2006,89.25714286
Belize,BLZ,2007,60.87142857
Belize,BLZ,2008,49.75714286
Belize,BLZ,2009,121.4383562
Belize,BLZ,2010,58.01333333
Belize,BLZ,2011,234.7066667
Belize,BLZ,2012,137.0384615
Belize,BLZ,2013,172.7820513
Belize,BLZ,2014,159.0897436
Benin,BEN,2002,16.36666667
Benin,BEN,2003,0.802264151
Benin,BEN,2004,0.052727273
Benin,BEN,2005,0.454074074
Benin,BEN,2006,0.0132
Benin,BEN,2007,0.2456
Benin,BEN,2008,0.308076923
Benin,BEN,2009,6.67755102
Benin,BEN,2010,8.99015748
Benin,BEN,2011,4.302325581
Benin,BEN,2012,9.905555556
Benin,BEN,2013,4.778888889
Benin,BEN,2014,12.20518519
Bhutan,BTN,2002,9.756756757
Bhutan,BTN,2003,9.891891892
Bhutan,BTN,2004,7.398734177
Bhutan,BTN,2005,7.556886228
Bhutan,BTN,2006,7.620621282
Bhutan,BTN,2007,9.009537784
Bhutan,BTN,2008,11.66
Bhutan,BTN,2009,23.96
Bhutan,BTN,2010,10.03976143
Bhutan,BTN,2011,13.05389222
Bhutan,BTN,2012,10.68862275
Bhutan,BTN,2013,15.18962076
Bhutan,BTN,2014,15.1497006
Bolivia,BOL,2002,4.042727273
Bolivia,BOL,2003,3.675583381
Bolivia,BOL,2004,5.064263761
Bolivia,BOL,2005,6.472937467
Bolivia,BOL,2006,3.963636364
Bolivia,BOL,2007,5.88731719
Bolivia,BOL,2008,4.708860759
Bolivia,BOL,2009,5.155365963
Bolivia,BOL,2010,7.255527112
Bolivia,BOL,2011,8.017058552
Bolivia,BOL,2012,8.081978475
Bolivia,BOL,2013,9.958371247
Bolivia,BOL,2014,9.070318614
Bosnia and Herzegovina,BIH,2002,32.69809428
Bosnia and Herzegovina,BIH,2003,17.65683382
Bosnia and Herzegovina,BIH,2004,58.442607
Bosnia and Herzegovina,BIH,2005,24.63707317
Bosnia and Herzegovina,BIH,2006,15.48393379
Bosnia and Herzegovina,BIH,2007,21.30039139
Bosnia and Herzegovina,BIH,2008,11.87103175
Bosnia and Herzegovina,BIH,2009,72.71213641
Bosnia and Herzegovina,BIH,2010,81.52988048
Bosnia and Herzegovina,BIH,2011,103.3781095
Bosnia and Herzegovina,BIH,2012,98.59521436
Bosnia and Herzegovina,BIH,2013,91.56732673
Bosnia and Herzegovina,BIH,2014,109.1562809
Botswana,BWA,2009,48.60443038
Botswana,BWA,2010,83.12741313
Botswana,BWA,2011,29.67901235
Botswana,BWA,2012,54.83508772
Botswana,BWA,2013,81.3898917
Botswana,BWA,2014,58.27819549
Brazil,BRA,2002,120.8408396
Brazil,BRA,2003,152.3052418
Brazil,BRA,2004,150.9459511
Brazil,BRA,2005,120.1003514
Brazil,BRA,2006,124.0318675
Brazil,BRA,2007,165.1697374
Brazil,BRA,2008,141.838605
Brazil,BRA,2009,118.2567433
Brazil,BRA,2010,156.1898725
Brazil,BRA,2011,183.014805
Brazil,BRA,2012,181.7328081
Brazil,BRA,2013,175.6601467
Brazil,BRA,2014,175.1958959
Brunei,BRN,2002,336
Brunei,BRN,2003,102
Brunei,BRN,2004,151.5
Brunei,BRN,2005,308.5
Brunei,BRN,2006,66
Brunei,BRN,2007,377
Brunei,BRN,2008,112.6666667
Brunei,BRN,2009,103
Brunei,BRN,2010,431.75
Brunei,BRN,2011,117.5
Brunei,BRN,2012,113.5
Brunei,BRN,2013,44.6
Brunei,BRN,2014,141.8
Bulgaria,BGR,2002,113.7684054
Bulgaria,BGR,2003,147.327415
Bulgaria,BGR,2004,80.85179596
Bulgaria,BGR,2005,74.23195714
Bulgaria,BGR,2006,73.93997446
Bulgaria,BGR,2007,102.0094003
Bulgaria,BGR,2008,111.2428756
Bulgaria,BGR,2009,104.600445
Bulgaria,BGR,2010,97.05335844
Bulgaria,BGR,2011,133.0824615
Bulgaria,BGR,2012,121.7901718
Bulgaria,BGR,2013,136.3354412
Bulgaria,BGR,2014,133.0803213
Burkina Faso,BFA,2002,0.427659574
Burkina Faso,BFA,2003,10.39137255
Burkina Faso,BFA,2004,12.54065217
Burkina Faso,BFA,2005,15.24367347
Burkina Faso,BFA,2006,13.40425532
Burkina Faso,BFA,2007,10.10102041
Burkina Faso,BFA,2008,9.5345
Burkina Faso,BFA,2009,9.451929825
Burkina Faso,BFA,2010,9.4285
Burkina Faso,BFA,2011,10.70245614
Burkina Faso,BFA,2012,10.99766667
Burkina Faso,BFA,2013,15.28290323
Burkina Faso,BFA,2014,15.77083333
Burundi,BDI,2002,1.343813387
Burundi,BDI,2003,0.304040404
Burundi,BDI,2004,1.111675127
Burundi,BDI,2005,3.546025105
Burundi,BDI,2006,3.343333333
Burundi,BDI,2007,2.018823529
Burundi,BDI,2008,2.171111111
Burundi,BDI,2009,1.861052632
Burundi,BDI,2010,3.627368421
Burundi,BDI,2011,5.635
Burundi,BDI,2012,5.699090909
Burundi,BDI,2013,7.3675
Burundi,BDI,2014,10.88
Cambodia,KHM,2002,5.825675676
Cambodia,KHM,2003,3.857837838
Cambodia,KHM,2004,5.365945946
Cambodia,KHM,2005,8.105135135
Cambodia,KHM,2006,8.002702703
Cambodia,KHM,2007,8.99027027
Cambodia,KHM,2008,7.641351351
Cambodia,KHM,2009,10.09567568
Cambodia,KHM,2010,12.11789474
Cambodia,KHM,2011,16.28421053
Cambodia,KHM,2012,17.90684211
Cambodia,KHM,2013,15.50631579
Cambodia,KHM,2014,29.73421053
Cameroon,CMR,2002,9.768624161
Cameroon,CMR,2003,8.155201342
Cameroon,CMR,2004,11.06275168
Cameroon,CMR,2005,7.998993795
Cameroon,CMR,2006,9.032198558
Cameroon,CMR,2007,8.622840852
Cameroon,CMR,2008,6.557437531
Cameroon,CMR,2009,7.002850914
Cameroon,CMR,2010,9.239032258
Cameroon,CMR,2011,11.03596774
Cameroon,CMR,2012,9.977903226
Cameroon,CMR,2013,6.674032258
Cameroon,CMR,2014,9.328709677
Canada,CAN,2002,57.63016664
Canada,CAN,2003,58.92761065
Canada,CAN,2004,54.63277483
Canada,CAN,2005,61.82127866
Canada,CAN,2006,46.99494591
Canada,CAN,2007,68.60414475
Canada,CAN,2008,63.96407104
Canada,CAN,2009,62.20875736
Canada,CAN,2010,69.17558817
Canada,CAN,2011,84.07826755
Canada,CAN,2012,77.99880474
Canada,CAN,2013,88.71196349
Canada,CAN,2014,89.43390199
Caribbean small states,,2002,108.3950131
Caribbean small states,,2003,84.66580311
Caribbean small states,,2004,73.01572739
Caribbean small states,,2005,57.69193385
Caribbean small states,,2006,87.64091742
Caribbean small states,,2007,47.93180196
Caribbean small states,,2008,114.6178747
Caribbean small states,,2009,58.02754821
Caribbean small states,,2010,81.27398206
Caribbean small states,,2011,75.46217331
Caribbean small states,,2012,85.28314917
Caribbean small states,,2013,76.83333333
Caribbean small states,,2014,71.43283582
Central African Republic,CAF,2011,0.417777778
Central African Republic,CAF,2012,0.281111111
Central African Republic,CAF,2013,0.281111111
Central African Republic,CAF,2014,0.281111111
Central Europe and the Baltics,,2002,91.30267906
Central Europe and the Baltics,,2003,102.4526747
Central Europe and the Baltics,,2004,100.5654141
Central Europe and the Baltics,,2005,106.6059681
Central Europe and the Baltics,,2006,108.3578432
Central Europe and the Baltics,,2007,120.1232188
Central Europe and the Baltics,,2008,112.6179625
Central Europe and the Baltics,,2009,96.5654751
Central Europe and the Baltics,,2010,113.3360107
Central Europe and the Baltics,,2011,115.1908884
Central Europe and the Baltics,,2012,119.8946019
Central Europe and the Baltics,,2013,122.8298941
Central Europe and the Baltics,,2014,137.4369712
Chile,CHL,2002,307.7733333
Chile,CHL,2003,330.1426667
Chile,CHL,2004,491.3526667
Chile,CHL,2005,434.7613793
Chile,CHL,2006,475.8140741
Chile,CHL,2007,534.1006339
Chile,CHL,2008,687.2400915
Chile,CHL,2009,612.4167939
Chile,CHL,2010,373.2486231
Chile,CHL,2011,492.5611238
Chile,CHL,2012,411.0795012
Chile,CHL,2013,428.2024446
Chile,CHL,2014,343.3400558
China,CHN,2002,377.4581659
China,CHN,2003,393.9572068
China,CHN,2004,413.7240143
China,CHN,2005,423.4091759
China,CHN,2006,452.0460902
China,CHN,2007,469.352445
China,CHN,2008,482.8807947
China,CHN,2009,498.8500743
China,CHN,2010,515.4089722
China,CHN,2011,533.4067781
China,CHN,2012,549.1219789
China,CHN,2013,557.0492811
China,CHN,2014,565.2546831
Colombia,COL,2002,309.0022614
Colombia,COL,2003,324.809629
Colombia,COL,2004,320.9629133
Colombia,COL,2005,445.1332675
Colombia,COL,2006,571.2496062
Colombia,COL,2007,544.2912913
Colombia,COL,2008,486.731694
Colombia,COL,2009,497.268169
Colombia,COL,2010,585.1917187
Colombia,COL,2011,745.2969735
Colombia,COL,2012,747.1153359
Colombia,COL,2013,648.6373365
Colombia,COL,2014,708.6043457
Congo,COG,2004,2.651020408
Congo,COG,2005,0.065306122
Congo,COG,2006,0.053061224
Congo,COG,2007,0.359183673
Congo,COG,2008,0.746938776
Congo,COG,2009,4.578
Congo,COG,2010,0.541176471
Congo,COG,2011,1.31509434
Congo,COG,2012,2.737735849
Congo,COG,2013,3.667272727
Congo,COG,2014,1.943636364
Costa Rica,CRI,2002,537.01
Costa Rica,CRI,2003,847.2904762
Costa Rica,CRI,2004,726.6952381
Costa Rica,CRI,2005,980.8761905
Costa Rica,CRI,2006,826.7047619
Costa Rica,CRI,2007,790.195
Costa Rica,CRI,2008,707.48
Costa Rica,CRI,2009,753.2363636
Costa Rica,CRI,2010,544.9911111
Costa Rica,CRI,2011,712.5431034
Costa Rica,CRI,2012,744.5043103
Costa Rica,CRI,2013,699.887931
Costa Rica,CRI,2014,870.4739336
Cote d'Ivoire,CIV,2002,31.01892857
Cote d'Ivoire,CIV,2003,29.34535714
Cote d'Ivoire,CIV,2004,27.21892857
Cote d'Ivoire,CIV,2005,17.78035714
Cote d'Ivoire,CIV,2006,22.7725
Cote d'Ivoire,CIV,2007,23.99
Cote d'Ivoire,CIV,2008,18.21172414
Cote d'Ivoire,CIV,2009,15.30758621
Cote d'Ivoire,CIV,2010,32.08586207
Cote d'Ivoire,CIV,2011,19.40275862
Cote d'Ivoire,CIV,2012,25.47862069
Cote d'Ivoire,CIV,2013,36.13137931
Cote d'Ivoire,CIV,2014,40.20655172
Croatia,HRV,2002,256.988345
Croatia,HRV,2003,292.8020833
Croatia,HRV,2004,312.5844156
Croatia,HRV,2005,294.5085911
Croatia,HRV,2006,380.7877412
Croatia,HRV,2007,410.0633803
Croatia,HRV,2008,495.2283025
Croatia,HRV,2009,164.6792583
Croatia,HRV,2010,297.3098187
Croatia,HRV,2011,311.0114866
Croatia,HRV,2012,290.1070168
Croatia,HRV,2013,234.890461
Croatia,HRV,2014,250.9948352
Cuba,CUB,2002,38.104792
Cuba,CUB,2003,16.50266525
Cuba,CUB,2004,18.53022126
Cuba,CUB,2005,22.38017429
Cuba,CUB,2006,32.11942763
Cuba,CUB,2007,35.69913238
Cuba,CUB,2008,43.57806533
Cuba,CUB,2009,17.60330818
Cuba,CUB,2010,29.89332151
Cuba,CUB,2011,42.02155847
Cuba,CUB,2012,47.4381958
Cuba,CUB,2013,43.01089918
Cuba,CUB,2014,58.21243523
Cyprus,CYP,2002,159.65
Cyprus,CYP,2003,158.2321429
Cyprus,CYP,2004,131.4070796
Cyprus,CYP,2005,108.9756098
Cyprus,CYP,2006,109.026087
Cyprus,CYP,2007,109.8360656
Cyprus,CYP,2008,112.0145631
Cyprus,CYP,2009,181.4499425
Cyprus,CYP,2010,202.7723971
Cyprus,CYP,2011,151.202381
Cyprus,CYP,2012,223.974359
Cyprus,CYP,2013,201.1083123
Cyprus,CYP,2014,175.8646617
Czech Republic,CZE,2002,81.67915763
Czech Republic,CZE,2003,91.57430965
Czech Republic,CZE,2004,87.00808458
Czech Republic,CZE,2005,89.55500156
Czech Republic,CZE,2006,94.27357901
Czech Republic,CZE,2007,100.1696401
Czech Republic,CZE,2008,87.26411543
Czech Republic,CZE,2009,88.51698113
Czech Republic,CZE,2010,95.84578997
Czech Republic,CZE,2011,100.5764855
Czech Republic,CZE,2012,127.6651885
Czech Republic,CZE,2013,128.2530962
Czech Republic,CZE,2014,128.8113268
Democratic Republic of Congo,COD,2003,0.275223881
Democratic Republic of Congo,COD,2004,0.208208955
Democratic Republic of Congo,COD,2005,0.067761194
Democratic Republic of Congo,COD,2006,0.454925373
Democratic Republic of Congo,COD,2007,0.634776119
Democratic Republic of Congo,COD,2008,0.940296296
Democratic Republic of Congo,COD,2009,0.797201767
Democratic Republic of Congo,COD,2010,1.104117647
Democratic Republic of Congo,COD,2011,1.010428571
Democratic Republic of Congo,COD,2012,0.658873239
Democratic Republic of Congo,COD,2013,1.198028169
Democratic Republic of Congo,COD,2014,2.553380282
Denmark,DNK,1913,17.9
Denmark,DNK,1922,16.2
Denmark,DNK,1937,53.8
Denmark,DNK,1957,118
Denmark,DNK,1999,162.7
Denmark,DNK,2002,97.55843585
Denmark,DNK,2003,136.4002648
Denmark,DNK,2004,144.7844866
Denmark,DNK,2005,137.1170669
Denmark,DNK,2006,138.5811674
Denmark,DNK,2007,142.4119688
Denmark,DNK,2008,147.6761032
Denmark,DNK,2009,102.9181407
Denmark,DNK,2010,113.7121024
Denmark,DNK,2011,112.8487395
Denmark,DNK,2012,112.4313482
Denmark,DNK,2013,116.6227779
Denmark,DNK,2014,120.5028783
Dominica,DMA,2002,86.6
Dominica,DMA,2003,148.2
Dominica,DMA,2004,198.6
Dominica,DMA,2005,207.8
Dominica,DMA,2006,134.2
Dominica,DMA,2007,276
Dominica,DMA,2008,44.6
Dominica,DMA,2009,58.16666667
Dominica,DMA,2010,52.16666667
Dominica,DMA,2011,150.1666667
Dominica,DMA,2012,97.66666667
Dominica,DMA,2013,116
Dominica,DMA,2014,78.83333333
Dominican Republic,DOM,2002,73.39309577
Dominican Republic,DOM,2003,52.24268293
Dominican Republic,DOM,2004,59.17317073
Dominican Republic,DOM,2005,58.2402439
Dominican Republic,DOM,2006,80.46707317
Dominican Republic,DOM,2007,94.75731707
Dominican Republic,DOM,2008,80.39875
Dominican Republic,DOM,2009,80.56
Dominican Republic,DOM,2010,107.00625
Dominican Republic,DOM,2011,94.15625
Dominican Republic,DOM,2012,74.46375
Dominican Republic,DOM,2013,79.7825
Dominican Republic,DOM,2014,88.16875
Early-demographic dividend,,2002,83.07619121
Early-demographic dividend,,2003,88.28387228
Early-demographic dividend,,2004,94.83050939
Early-demographic dividend,,2005,99.37279898
Early-demographic dividend,,2006,105.1071892
Early-demographic dividend,,2007,108.9080784
Early-demographic dividend,,2008,109.5142911
Early-demographic dividend,,2009,115.3671491
Early-demographic dividend,,2010,122.1714076
Early-demographic dividend,,2011,124.4121647
Early-demographic dividend,,2012,118.9803024
Early-demographic dividend,,2013,117.2444628
Early-demographic dividend,,2014,123.3712421
East Asia & Pacific,,2002,246.1488782
East Asia & Pacific,,2003,258.3475183
East Asia & Pacific,,2004,268.3237929
East Asia & Pacific,,2005,269.5404826
East Asia & Pacific,,2006,282.7520069
East Asia & Pacific,,2007,301.163994
East Asia & Pacific,,2008,301.1211566
East Asia & Pacific,,2009,302.5462364
East Asia & Pacific,,2010,319.3575395
East Asia & Pacific,,2011,321.4796444
East Asia & Pacific,,2012,329.5842384
East Asia & Pacific,,2013,337.0272957
East Asia & Pacific,,2014,344.279284
East Asia & Pacific (IDA & IBRD),,2002,289.8164583
East Asia & Pacific (IDA & IBRD),,2003,304.4950492
East Asia & Pacific (IDA & IBRD),,2004,316.6184083
East Asia & Pacific (IDA & IBRD),,2005,319.1561107
East Asia & Pacific (IDA & IBRD),,2006,338.8721237
East Asia & Pacific (IDA & IBRD),,2007,356.0467638
East Asia & Pacific (IDA & IBRD),,2008,360.5210687
East Asia & Pacific (IDA & IBRD),,2009,369.2214698
East Asia & Pacific (IDA & IBRD),,2010,383.039721
East Asia & Pacific (IDA & IBRD),,2011,393.1213592
East Asia & Pacific (IDA & IBRD),,2012,401.1811013
East Asia & Pacific (IDA & IBRD),,2013,410.1637021
East Asia & Pacific (IDA & IBRD),,2014,419.2958072
Ecuador,ECU,2002,167.6220588
Ecuador,ECU,2003,156.8221709
Ecuador,ECU,2004,217.5293657
Ecuador,ECU,2005,150.8294753
Ecuador,ECU,2006,207.7899432
Ecuador,ECU,2007,199.1062762
Ecuador,ECU,2008,214.1197411
Ecuador,ECU,2009,187.2786393
Ecuador,ECU,2010,252.070971
Ecuador,ECU,2011,275.355196
Ecuador,ECU,2012,253.8722885
Ecuador,ECU,2013,229.1340034
Ecuador,ECU,2014,361.9632505
Egypt,EGY,2002,432.5326975
Egypt,EGY,2003,627.7505162
Egypt,EGY,2004,557.5939292
Egypt,EGY,2005,672.8833398
Egypt,EGY,2006,492.1232246
Egypt,EGY,2007,521.7874415
Egypt,EGY,2008,696.5931113
Egypt,EGY,2009,502.8252427
Egypt,EGY,2010,602.9864253
Egypt,EGY,2011,602.8668091
Egypt,EGY,2012,590.5797101
Egypt,EGY,2013,614.6493791
Egypt,EGY,2014,662.5318352
El Salvador,SLV,2002,71.64057971
El Salvador,SLV,2003,78.18649046
El Salvador,SLV,2004,86.69740634
El Salvador,SLV,2005,130.6011396
El Salvador,SLV,2006,108.7731788
El Salvador,SLV,2007,152.6095238
El Salvador,SLV,2008,127.8989751
El Salvador,SLV,2009,117.3215339
El Salvador,SLV,2010,179.3551263
El Salvador,SLV,2011,186.7843705
El Salvador,SLV,2012,168.9305556
El Salvador,SLV,2013,159.2013699
El Salvador,SLV,2014,123.1
Eritrea,ERI,2002,6.236654804
Eritrea,ERI,2003,1.628140704
Eritrea,ERI,2004,0.005016722
Eritrea,ERI,2005,2.316129032
Eritrea,ERI,2006,0.01641791
Eritrea,ERI,2007,3.489552239
Eritrea,ERI,2009,2.782608696
Eritrea,ERI,2010,0.417391304
Eritrea,ERI,2011,0.82173913
Eritrea,ERI,2012,1.343478261
Eritrea,ERI,2013,0.769565217
Eritrea,ERI,2014,0.676811594
Estonia,EST,2002,44.01401565
Estonia,EST,2003,71.64954128
Estonia,EST,2004,84.3096476
Estonia,EST,2005,60.95133491
Estonia,EST,2006,75.65372921
Estonia,EST,2007,75.87185049
Estonia,EST,2008,100.3629977
Estonia,EST,2009,69.41314554
Estonia,EST,2010,68.38914729
Estonia,EST,2011,71.51802657
Estonia,EST,2012,81.07010475
Estonia,EST,2013,83.12450562
Estonia,EST,2014,86.11788304
Ethiopia,ETH,2002,17.01248351
Ethiopia,ETH,2003,5.702324305
Ethiopia,ETH,2004,10.30928502
Ethiopia,ETH,2005,10.90251891
Ethiopia,ETH,2006,11.13100926
Ethiopia,ETH,2007,16.03989172
Ethiopia,ETH,2008,17.20020579
Ethiopia,ETH,2009,17.66231718
Ethiopia,ETH,2010,21.84709921
Ethiopia,ETH,2011,20.81905063
Ethiopia,ETH,2012,23.75765672
Ethiopia,ETH,2013,19.24710629
Ethiopia,ETH,2014,25.96858258
Euro area,,2002,197.1271819
Euro area,,2003,203.7634005
Euro area,,2004,196.308806
Euro area,,2005,179.3853897
Euro area,,2006,174.5193983
Euro area,,2007,186.9710044
Euro area,,2008,143.9685112
Euro area,,2009,128.8163039
Euro area,,2010,156.0045426
Euro area,,2011,147.6470965
Euro area,,2012,150.5182232
Euro area,,2013,155.5115755
Euro area,,2014,164.7904748
Europe & Central Asia,,2002,70.05733308
Europe & Central Asia,,2003,72.29637201
Europe & Central Asia,,2004,71.16795141
Europe & Central Asia,,2005,69.11753005
Europe & Central Asia,,2006,72.69467647
Europe & Central Asia,,2007,77.53161248
Europe & Central Asia,,2008,67.51236974
Europe & Central Asia,,2009,65.79110483
Europe & Central Asia,,2010,73.03658677
Europe & Central Asia,,2011,72.59283815
Europe & Central Asia,,2012,74.16781683
Europe & Central Asia,,2013,76.02016633
Europe & Central Asia,,2014,78.29130677
Europe & Central Asia (IDA & IBRD),,2002,28.94117684
Europe & Central Asia (IDA & IBRD),,2003,29.83210707
Europe & Central Asia (IDA & IBRD),,2004,30.35893072
Europe & Central Asia (IDA & IBRD),,2005,32.75533812
Europe & Central Asia (IDA & IBRD),,2006,39.28128577
Europe & Central Asia (IDA & IBRD),,2007,42.16879264
Europe & Central Asia (IDA & IBRD),,2008,41.28027028
Europe & Central Asia (IDA & IBRD),,2009,43.62081721
Europe & Central Asia (IDA & IBRD),,2010,45.08832855
Europe & Central Asia (IDA & IBRD),,2011,46.85403419
Europe & Central Asia (IDA & IBRD),,2012,47.67727263
Europe & Central Asia (IDA & IBRD),,2013,48.6115563
Europe & Central Asia (IDA & IBRD),,2014,49.48791056
Europe & Central Asia (excluding high income),,2002,24.23426912
Europe & Central Asia (excluding high income),,2003,24.62751978
Europe & Central Asia (excluding high income),,2004,25.14443363
Europe & Central Asia (excluding high income),,2005,26.17230532
Europe & Central Asia (excluding high income),,2006,33.09241281
Europe & Central Asia (excluding high income),,2007,35.27945517
Europe & Central Asia (excluding high income),,2008,35.39311667
Europe & Central Asia (excluding high income),,2009,38.37238065
Europe & Central Asia (excluding high income),,2010,38.87913977
Europe & Central Asia (excluding high income),,2011,41.09017695
Europe & Central Asia (excluding high income),,2012,41.66136981
Europe & Central Asia (excluding high income),,2013,42.7116526
Europe & Central Asia (excluding high income),,2014,41.20102583
European Union,,2002,166.6097845
European Union,,2003,174.3766475
European Union,,2004,168.0101608
European Union,,2005,160.1795772
European Union,,2006,156.8278606
European Union,,2007,168.9981178
European Union,,2008,138.3825399
European Union,,2009,124.6654794
European Union,,2010,147.0321974
European Union,,2011,142.2607747
European Union,,2012,144.7744689
European Union,,2013,149.921372
European Union,,2014,160.0687958
Fiji,FJI,2002,71.48235294
Fiji,FJI,2003,19.25294118
Fiji,FJI,2004,45.28823529
Fiji,FJI,2005,39.17647059
Fiji,FJI,2006,25.12352941
Fiji,FJI,2007,23.9408284
Fiji,FJI,2008,41.12426036
Fiji,FJI,2009,21.80787589
Fiji,FJI,2010,16.35151515
Fiji,FJI,2011,35.48484848
Fiji,FJI,2012,24.1030303
Fiji,FJI,2013,23.45454545
Fiji,FJI,2014,29.98787879
Finland,FIN,2002,136.1425786
Finland,FIN,2003,118.3860331
Finland,FIN,2004,132.7455307
Finland,FIN,2005,134.2173038
Finland,FIN,2006,134.4954656
Finland,FIN,2007,123.5029025
Finland,FIN,2008,130.5807623
Finland,FIN,2009,107.9838817
Finland,FIN,2010,124.079741
Finland,FIN,2011,80.23194846
Finland,FIN,2012,79.95731626
Finland,FIN,2013,86.14315903
Finland,FIN,2014,92.23955532
Fragile and conflict affected situations,,2012,18.02917949
Fragile and conflict affected situations,,2013,17.60421784
Fragile and conflict affected situations,,2014,16.39018617
France,FRA,1913,19.7
France,FRA,1922,25.3
France,FRA,1937,40.6
France,FRA,1957,69.3
France,FRA,1999,235
France,FRA,2002,211.2837819
France,FRA,2003,223.3639157
France,FRA,2004,212.1080139
France,FRA,2005,192.4625631
France,FRA,2006,190.3825727
France,FRA,2007,209.3381895
France,FRA,2008,152.4465342
France,FRA,2009,120.563425
France,FRA,2010,150.5379576
France,FRA,2011,141.2993039
France,FRA,2012,136.9801495
France,FRA,2013,140.6113943
France,FRA,2014,151.4618913
French Polynesia,PYF,2002,333.6666667
French Polynesia,PYF,2003,285
French Polynesia,PYF,2004,319
French Polynesia,PYF,2005,251.3333333
French Polynesia,PYF,2006,262
French Polynesia,PYF,2007,279.6666667
French Polynesia,PYF,2008,307.3333333
French Polynesia,PYF,2009,272.4
French Polynesia,PYF,2010,326.4
French Polynesia,PYF,2011,305.2
French Polynesia,PYF,2012,220.4
French Polynesia,PYF,2013,225.2
French Polynesia,PYF,2014,196
Gabon,GAB,2002,5.578461538
Gabon,GAB,2003,3.612307692
Gabon,GAB,2004,5.107692308
Gabon,GAB,2005,8.344615385
Gabon,GAB,2006,8.458461538
Gabon,GAB,2007,9.058461538
Gabon,GAB,2008,10.51692308
Gabon,GAB,2009,12.02153846
Gabon,GAB,2010,3.16
Gabon,GAB,2011,5.649230769
Gabon,GAB,2012,9.883076923
Gabon,GAB,2013,10.08923077
Gabon,GAB,2014,11.41538462
Gambia,GMB,2003,9.403333333
Gambia,GMB,2004,8.090322581
Gambia,GMB,2005,9.756923077
Gambia,GMB,2006,10.82593857
Gambia,GMB,2007,8.97689769
Gambia,GMB,2008,4.260752688
Gambia,GMB,2009,6.343457944
Gambia,GMB,2010,7.3
Gambia,GMB,2011,10.27555556
Gambia,GMB,2012,6.004545455
Gambia,GMB,2013,0.586363636
Gambia,GMB,2014,5.597727273
Georgia,GEO,2002,33.04130163
Georgia,GEO,2003,14.36907731
Georgia,GEO,2004,31.46681416
Georgia,GEO,2005,53.28723404
Georgia,GEO,2006,47.52813853
Georgia,GEO,2007,41.33909287
Georgia,GEO,2008,37.53159041
Georgia,GEO,2009,43.24666667
Georgia,GEO,2010,33.65301205
Georgia,GEO,2011,114.4607356
Georgia,GEO,2012,134.35
Georgia,GEO,2013,163.1108647
Georgia,GEO,2014,151.1531729
Germany,DEU,1880,3.1
Germany,DEU,1900,15.6
Germany,DEU,1913,42
Germany,DEU,1922,72.7
Germany,DEU,1937,143.9
Germany,DEU,1957,150.9
Germany,DEU,1999,240.9
Germany,DEU,2002,220.0740395
Germany,DEU,2003,219.6980638
Germany,DEU,2004,215.1258195
Germany,DEU,2005,208.7570565
Germany,DEU,2006,194.4190123
Germany,DEU,2007,221.871769
Germany,DEU,2008,159.5827187
Germany,DEU,2009,181.4143993
Germany,DEU,2010,211.5968259
Germany,DEU,2011,191.4869895
Germany,DEU,2012,198.9215819
Germany,DEU,2013,203.4691815
Germany,DEU,2014,217.6648976
Ghana,GHA,2002,3.745515427
Ghana,GHA,2003,6.838948626
Ghana,GHA,2004,13.2005
Ghana,GHA,2005,5.99875
Ghana,GHA,2006,20.0597619
Ghana,GHA,2007,17.76
Ghana,GHA,2008,14.54955556
Ghana,GHA,2009,18.97956522
Ghana,GHA,2010,18.70021645
Ghana,GHA,2011,13.23050847
Ghana,GHA,2012,34.75765957
Ghana,GHA,2013,25.25914894
Ghana,GHA,2014,15.70212766
Greece,GRC,2002,156.3768863
Greece,GRC,2003,162.0903392
Greece,GRC,2004,176.4176493
Greece,GRC,2005,143.0409246
Greece,GRC,2006,124.629257
Greece,GRC,2007,96.90338917
Greece,GRC,2008,119.0477308
Greece,GRC,2009,63.0961916
Greece,GRC,2010,122.4959096
Greece,GRC,2011,159.7076803
Greece,GRC,2012,109.9188976
Greece,GRC,2013,152.920641
Greece,GRC,2014,157.2280769
Guatemala,GTM,2002,99.79017544
Guatemala,GTM,2003,91.67182663
Guatemala,GTM,2004,124.94625
Guatemala,GTM,2005,141.6907143
Guatemala,GTM,2006,136.0438247
Guatemala,GTM,2007,123.7734772
Guatemala,GTM,2008,92.00528302
Guatemala,GTM,2009,127.0685579
Guatemala,GTM,2010,189.1495552
Guatemala,GTM,2011,223.1694385
Guatemala,GTM,2012,250.1649237
Guatemala,GTM,2013,265.6686945
Guatemala,GTM,2014,269.3456843
Guinea,GIN,2002,1.0041841
Guinea,GIN,2003,0.793939394
Guinea,GIN,2004,1.030196078
Guinea,GIN,2005,0.919737322
Guinea,GIN,2006,0.883636364
Guinea,GIN,2007,1.213571429
Guinea,GIN,2008,1.29754386
Guinea,GIN,2009,0.634035088
Guinea,GIN,2010,0.932758621
Guinea,GIN,2011,3.583103448
Guinea,GIN,2012,2.502666667
Guinea,GIN,2013,1.267419355
Guinea,GIN,2014,0.968709677
Guyana,GUY,2002,33.11111111
Guyana,GUY,2003,23.05555556
Guyana,GUY,2004,44.83333333
Guyana,GUY,2005,22.09761905
Guyana,GUY,2006,32.58095238
Guyana,GUY,2007,32.6547619
Guyana,GUY,2008,56.79761905
Guyana,GUY,2009,20.2547619
Guyana,GUY,2010,39.31904762
Guyana,GUY,2011,27.84285714
Guyana,GUY,2012,33.0047619
Guyana,GUY,2013,48.22380952
Guyana,GUY,2014,39.54761905
Heavily indebted poor countries (HIPC),,2002,6.90857486
Heavily indebted poor countries (HIPC),,2003,6.163994376
Heavily indebted poor countries (HIPC),,2004,10.11155511
Heavily indebted poor countries (HIPC),,2005,8.161673765
Heavily indebted poor countries (HIPC),,2006,9.099546357
Heavily indebted poor countries (HIPC),,2007,10.00373239
Heavily indebted poor countries (HIPC),,2008,9.0826286
Heavily indebted poor countries (HIPC),,2009,8.690141987
Heavily indebted poor countries (HIPC),,2010,11.1073423
Heavily indebted poor countries (HIPC),,2011,11.20178024
Heavily indebted poor countries (HIPC),,2012,13.71604096
Heavily indebted poor countries (HIPC),,2013,12.94130774
Heavily indebted poor countries (HIPC),,2014,14.0453319
High income,,2002,123.2913973
High income,,2003,129.5092139
High income,,2004,130.0658768
High income,,2005,126.7067745
High income,,2006,126.3932162
High income,,2007,132.789883
High income,,2008,115.4265392
High income,,2009,106.8141015
High income,,2010,120.1474707
High income,,2011,127.2391124
High income,,2012,131.6316919
High income,,2013,134.8696038
High income,,2014,137.3954177
Honduras,HND,2002,31.95692884
Honduras,HND,2003,54.89700375
Honduras,HND,2004,134.9666667
Honduras,HND,2005,160.8514286
Honduras,HND,2006,188.8352381
Honduras,HND,2007,177.9952381
Honduras,HND,2008,107.7308448
Honduras,HND,2009,62.31862745
Honduras,HND,2010,64.7245098
Honduras,HND,2011,104.0705882
Honduras,HND,2012,83.14313725
Honduras,HND,2013,89.48333333
Honduras,HND,2014,98.38823529
Hong Kong,HKG,2002,728.4
Hong Kong,HKG,2003,359.8
Hong Kong,HKG,2004,390.8
Hong Kong,HKG,2005,365.8
Hong Kong,HKG,2006,390
Hong Kong,HKG,2007,421
Hong Kong,HKG,2008,99
Hong Kong,HKG,2009,38
Hong Kong,HKG,2010,616.2857143
Hong Kong,HKG,2011,790.5714286
Hong Kong,HKG,2012,1297.096774
Hong Kong,HKG,2013,906.7741935
Hong Kong,HKG,2014,1966.451613
Hungary,HUN,2002,94.87624837
Hungary,HUN,2003,95.4970633
Hungary,HUN,2004,98.52109613
Hungary,HUN,2005,85.19886981
Hungary,HUN,2006,99.19512726
Hungary,HUN,2007,110.4094077
Hungary,HUN,2008,96.70076336
Hungary,HUN,2009,77.48222465
Hungary,HUN,2010,84.33424408
Hungary,HUN,2011,93.28828214
Hungary,HUN,2012,97.13372754
Hungary,HUN,2013,109.3967749
Hungary,HUN,2014,99.10286104
IBRD only,,2002,119.9022597
IBRD only,,2003,127.8967316
IBRD only,,2004,134.8242582
IBRD only,,2005,135.6138714
IBRD only,,2006,142.0266348
IBRD only,,2007,152.0762733
IBRD only,,2008,152.6771123
IBRD only,,2009,154.5231537
IBRD only,,2010,165.3551814
IBRD only,,2011,170.9529784
IBRD only,,2012,169.1739179
IBRD only,,2013,168.7788965
IBRD only,,2014,172.9158473
IDA & IBRD total,,2002,98.13308118
IDA & IBRD total,,2003,103.757986
IDA & IBRD total,,2004,109.8149651
IDA & IBRD total,,2005,110.410616
IDA & IBRD total,,2006,116.0965219
IDA & IBRD total,,2007,123.0194127
IDA & IBRD total,,2008,123.0717487
IDA & IBRD total,,2009,125.2848676
IDA & IBRD total,,2010,133.4642232
IDA & IBRD total,,2011,137.3076638
IDA & IBRD total,,2012,135.6446971
IDA & IBRD total,,2013,136.4884075
IDA & IBRD total,,2014,139.7763453
IDA blend,,2002,40.80540578
IDA blend,,2003,43.2425578
IDA blend,,2004,43.76617215
IDA blend,,2005,48.7440396
IDA blend,,2006,58.74769706
IDA blend,,2007,53.89158323
IDA blend,,2008,54.42241015
IDA blend,,2009,66.7141522
IDA blend,,2010,66.37608244
IDA blend,,2011,62.25552862
IDA blend,,2012,59.27316936
IDA blend,,2013,69.79537268
IDA blend,,2014,65.78154518
IDA only,,2002,18.88713011
IDA only,,2003,16.94008751
IDA only,,2004,21.41242331
IDA only,,2005,20.19959336
IDA only,,2006,21.06461767
IDA only,,2007,21.51713053
IDA only,,2008,20.78662706
IDA only,,2009,19.24893637
IDA only,,2010,21.52326496
IDA only,,2011,24.19855289
IDA only,,2012,25.90667408
IDA only,,2013,25.37034754
IDA only,,2014,27.53229596
IDA total,,2002,27.05844079
IDA total,,2003,26.61629816
IDA total,,2004,29.55451456
IDA total,,2005,30.55108308
IDA total,,2006,34.80641908
IDA total,,2007,33.16309303
IDA total,,2008,32.57139478
IDA total,,2009,35.18571898
IDA total,,2010,36.60634078
IDA total,,2011,37.02645167
IDA total,,2012,37.12221002
IDA total,,2013,40.22880349
IDA total,,2014,40.33020271
Iceland,ISL,2002,145.751938
Iceland,ISL,2003,122.8837209
Iceland,ISL,2004,137.9224806
Iceland,ISL,2005,133.5581395
Iceland,ISL,2006,167.8217054
Iceland,ISL,2007,194.168
Iceland,ISL,2008,199.88
Iceland,ISL,2009,123.8467742
Iceland,ISL,2010,148.699187
Iceland,ISL,2011,159.1653028
Iceland,ISL,2012,176.4851485
Iceland,ISL,2013,168.8036304
Iceland,ISL,2014,201.7326733
India,IND,2002,100.3290553
India,IND,2003,105.1772039
India,IND,2004,115.2715101
India,IND,2005,127.614592
India,IND,2006,136.4039215
India,IND,2007,142.8352255
India,IND,2008,153.3493908
India,IND,2009,167.4572959
India,IND,2010,179.0358769
India,IND,2011,180.7482912
India,IND,2012,164.7829264
India,IND,2013,158.1543115
India,IND,2014,165.1245523
Indonesia,IDN,2002,123.9590658
Indonesia,IDN,2003,131.1321521
Indonesia,IDN,2004,131.2093976
Indonesia,IDN,2005,143.9864029
Indonesia,IDN,2006,158.016093
Indonesia,IDN,2007,181.4572273
Indonesia,IDN,2008,184.5284581
Indonesia,IDN,2009,181.639661
Indonesia,IDN,2010,181.5166525
Indonesia,IDN,2011,198.4185957
Indonesia,IDN,2012,205.4442128
Indonesia,IDN,2013,201.6901277
Indonesia,IDN,2014,211.8047234
Iran,IRN,2002,78.73947221
Iran,IRN,2003,80.29135025
Iran,IRN,2004,103.7517262
Iran,IRN,2005,95.04796468
Iran,IRN,2006,113.9614394
Iran,IRN,2007,90.03865078
Iran,IRN,2008,99.84651013
Iran,IRN,2009,75.98002056
Iran,IRN,2010,57.82566602
Iran,IRN,2011,31.72702774
Iran,IRN,2012,31.30555925
Iran,IRN,2013,33.44176815
Iran,IRN,2014,31.57758562
Iraq,IRQ,2004,24.36266667
Iraq,IRQ,2005,41.61288462
Iraq,IRQ,2006,46.25416667
Iraq,IRQ,2007,37.56767677
Iraq,IRQ,2008,56.94
Iraq,IRQ,2009,72.48986301
Iraq,IRQ,2010,34.29
Iraq,IRQ,2011,39.09767442
Iraq,IRQ,2012,44.68364642
Iraq,IRQ,2013,43.572
Iraq,IRQ,2014,31.93484307
Ireland,IRL,2002,597.017842
Ireland,IRL,2003,533.7732657
Ireland,IRL,2004,466.4315353
Ireland,IRL,2005,458.0371622
Ireland,IRL,2006,431.876843
Ireland,IRL,2007,427.5216981
Ireland,IRL,2008,378.1089918
Ireland,IRL,2009,477.3737374
Ireland,IRL,2010,462.4411474
Ireland,IRL,2011,430.480226
Ireland,IRL,2012,469.7324786
Ireland,IRL,2013,472.9047619
Ireland,IRL,2014,510.952741
Israel,ISR,2002,251.8624642
Israel,ISR,2003,282.9341317
Israel,ISR,2004,320.9003215
Israel,ISR,2005,292.6045016
Israel,ISR,2006,304.950495
Israel,ISR,2007,344.9967299
Israel,ISR,2008,280.6139473
Israel,ISR,2009,200.4600723
Israel,ISR,2010,206.4032698
Israel,ISR,2011,251.6063578
Israel,ISR,2012,278.8331072
Israel,ISR,2013,296.0111966
Israel,ISR,2014,239.2678869
Italy,ITA,1913,13.3
Italy,ITA,1922,11.7
Italy,ITA,1937,26
Italy,ITA,1957,42.4
Italy,ITA,1999,158.6
Italy,ITA,2002,171.1218776
Italy,ITA,2003,177.7024752
Italy,ITA,2004,181.4180975
Italy,ITA,2005,171.7530848
Italy,ITA,2006,177.0315889
Italy,ITA,2007,190.229954
Italy,ITA,2008,143.4762603
Italy,ITA,2009,120.1115886
Italy,ITA,2010,122.7459529
Italy,ITA,2011,134.3224702
Italy,ITA,2012,150.8159595
Italy,ITA,2013,129.0464333
Italy,ITA,2014,130.9453032
Jamaica,JAM,2002,94.67407407
Jamaica,JAM,2003,112.1925926
Jamaica,JAM,2004,123.9473684
Jamaica,JAM,2005,115.84375
Jamaica,JAM,2006,63.515625
Jamaica,JAM,2007,36.216
Jamaica,JAM,2008,37.64166667
Jamaica,JAM,2009,58.19166667
Jamaica,JAM,2010,62.625
Jamaica,JAM,2011,71.175
Jamaica,JAM,2012,87.375
Jamaica,JAM,2013,68.45833333
Jamaica,JAM,2014,65.525
Japan,JPN,1900,0.1
Japan,JPN,1913,3.4
Japan,JPN,1922,11.8
Japan,JPN,1937,29.7
Japan,JPN,1957,131
Japan,JPN,1999,290.4
Japan,JPN,2002,333.5444671
Japan,JPN,2003,335.1707983
Japan,JPN,2004,353.6837177
Japan,JPN,2005,347.9692661
Japan,JPN,2006,332.8275386
Japan,JPN,2007,350.4748035
Japan,JPN,2008,278.2286444
Japan,JPN,2009,238.9280391
Japan,JPN,2010,259.8344232
Japan,JPN,2011,263.8770569
Japan,JPN,2012,255.0920867
Japan,JPN,2013,253.1833845
Japan,JPN,2014,240.618044
Jordan,JOR,2002,1590.45641
Jordan,JOR,2003,916.1412429
Jordan,JOR,2004,476.5311005
Jordan,JOR,2005,784.0162162
Jordan,JOR,2006,693.4736842
Jordan,JOR,2007,1007.783321
Jordan,JOR,2008,337.4448161
Jordan,JOR,2009,394.8605578
Jordan,JOR,2010,187.7195946
Jordan,JOR,2011,1227.591116
Jordan,JOR,2012,1245.359447
Jordan,JOR,2013,681.8614719
Jordan,JOR,2014,388.0378947
Kazakhstan,KAZ,2002,0.836099753
Kazakhstan,KAZ,2003,1.190392187
Kazakhstan,KAZ,2004,1.478292625
Kazakhstan,KAZ,2005,1.428456392
Kazakhstan,KAZ,2006,1.446743081
Kazakhstan,KAZ,2007,2.056478081
Kazakhstan,KAZ,2008,1.083457808
Kazakhstan,KAZ,2009,1.970773843
Kazakhstan,KAZ,2010,2.046032952
Kazakhstan,KAZ,2011,2.995551839
Kazakhstan,KAZ,2012,4.420250575
Kazakhstan,KAZ,2013,2.888581955
Kazakhstan,KAZ,2014,3.393910529
Kenya,KEN,2002,27.31310155
Kenya,KEN,2003,33.09677419
Kenya,KEN,2004,27.68086725
Kenya,KEN,2005,34.32655775
Kenya,KEN,2006,33.15480226
Kenya,KEN,2007,36.39528302
Kenya,KEN,2008,33.28754717
Kenya,KEN,2009,31.85709091
Kenya,KEN,2010,30.34709091
Kenya,KEN,2011,43.58206897
Kenya,KEN,2012,42.06033898
Kenya,KEN,2013,52.54086207
Kenya,KEN,2014,11.30327586
Kuwait,KWT,2002,1763.333333
Kuwait,KWT,2005,4349.090909
Kuwait,KWT,2006,2090.909091
Kuwait,KWT,2008,1261.946903
Kuwait,KWT,2009,57.14285714
Kuwait,KWT,2010,884
Kuwait,KWT,2011,971.8095238
Kuwait,KWT,2012,781.1
Kuwait,KWT,2013,237.9245283
Kuwait,KWT,2014,431.2631579
Kyrgyzstan,KGZ,2002,7.050557621
Kyrgyzstan,KGZ,2003,24.71056548
Kyrgyzstan,KGZ,2004,21.68215892
Kyrgyzstan,KGZ,2005,24.62850467
Kyrgyzstan,KGZ,2006,22.19677495
Kyrgyzstan,KGZ,2007,22.4546875
Kyrgyzstan,KGZ,2008,18.9738179
Kyrgyzstan,KGZ,2009,22.06818182
Kyrgyzstan,KGZ,2010,22.65945777
Kyrgyzstan,KGZ,2011,19.16843013
Kyrgyzstan,KGZ,2012,24.31615228
Kyrgyzstan,KGZ,2013,27.43020255
Kyrgyzstan,KGZ,2014,23.05716071
Late-demographic dividend,,2002,154.8056297
Late-demographic dividend,,2003,164.8119437
Late-demographic dividend,,2004,172.2742485
Late-demographic dividend,,2005,169.6947378
Late-demographic dividend,,2006,176.4512894
Late-demographic dividend,,2007,191.2104138
Late-demographic dividend,,2008,189.2548232
Late-demographic dividend,,2009,188.8894408
Late-demographic dividend,,2010,203.0798239
Late-demographic dividend,,2011,211.2561249
Late-demographic dividend,,2012,215.2854073
Late-demographic dividend,,2013,216.4874022
Late-demographic dividend,,2014,218.9859659
Latin America & Caribbean,,2002,89.49247381
Latin America & Caribbean,,2003,107.2607359
Latin America & Caribbean,,2004,111.9367731
Latin America & Caribbean,,2005,97.00066465
Latin America & Caribbean,,2006,99.47740912
Latin America & Caribbean,,2007,119.8999414
Latin America & Caribbean,,2008,103.2387305
Latin America & Caribbean,,2009,88.92580306
Latin America & Caribbean,,2010,112.6478131
Latin America & Caribbean,,2011,128.5993313
Latin America & Caribbean,,2012,126.0203109
Latin America & Caribbean,,2013,124.575876
Latin America & Caribbean,,2014,127.907005
Latin America & Caribbean (IDA & IBRD),,2002,90.895381
Latin America & Caribbean (IDA & IBRD),,2003,109.6163959
Latin America & Caribbean (IDA & IBRD),,2004,114.2405716
Latin America & Caribbean (IDA & IBRD),,2005,98.79284177
Latin America & Caribbean (IDA & IBRD),,2006,101.05305
Latin America & Caribbean (IDA & IBRD),,2007,121.8264762
Latin America & Caribbean (IDA & IBRD),,2008,104.5668793
Latin America & Caribbean (IDA & IBRD),,2009,90.49035835
Latin America & Caribbean (IDA & IBRD),,2010,114.3957557
Latin America & Caribbean (IDA & IBRD),,2011,130.3713003
Latin America & Caribbean (IDA & IBRD),,2012,127.519623
Latin America & Caribbean (IDA & IBRD),,2013,126.1114887
Latin America & Caribbean (IDA & IBRD),,2014,129.1689233
Latin America & Caribbean (excluding high income),,2002,87.06501283
Latin America & Caribbean (excluding high income),,2003,104.9286443
Latin America & Caribbean (excluding high income),,2004,107.9910475
Latin America & Caribbean (excluding high income),,2005,93.41054703
Latin America & Caribbean (excluding high income),,2006,95.64370619
Latin America & Caribbean (excluding high income),,2007,116.3961652
Latin America & Caribbean (excluding high income),,2008,98.24507826
Latin America & Caribbean (excluding high income),,2009,84.46593253
Latin America & Caribbean (excluding high income),,2010,110.0767456
Latin America & Caribbean (excluding high income),,2011,125.6103712
Latin America & Caribbean (excluding high income),,2012,123.3136535
Latin America & Caribbean (excluding high income),,2013,121.749813
Latin America & Caribbean (excluding high income),,2014,125.7772186
Latvia,LVA,2002,50.5950668
Latvia,LVA,2003,49.49425287
Latvia,LVA,2004,64.12884044
Latvia,LVA,2005,68.04029304
Latvia,LVA,2006,62.65560166
Latvia,LVA,2007,67.72474747
Latvia,LVA,2008,66.94700855
Latvia,LVA,2009,64.88356164
Latvia,LVA,2010,77.64791134
Latvia,LVA,2011,83.23229706
Latvia,LVA,2012,90.11035654
Latvia,LVA,2013,99.5115894
Latvia,LVA,2014,100.3879239
Least developed countries: UN classification,,2002,16.94138368
Least developed countries: UN classification,,2003,14.12158696
Least developed countries: UN classification,,2004,18.20515848
Least developed countries: UN classification,,2005,16.81633446
Least developed countries: UN classification,,2006,16.89344667
Least developed countries: UN classification,,2007,17.69245929
Least developed countries: UN classification,,2008,17.6581433
Least developed countries: UN classification,,2009,16.84831574
Least developed countries: UN classification,,2010,20.03928346
Least developed countries: UN classification,,2011,22.56610766
Least developed countries: UN classification,,2012,24.35690606
Least developed countries: UN classification,,2013,24.12561788
Least developed countries: UN classification,,2014,26.74865971
Lebanon,LBN,2002,358
Lebanon,LBN,2003,132.375
Lebanon,LBN,2004,142.3184153
Lebanon,LBN,2005,313.7614679
Lebanon,LBN,2006,297.8676471
Lebanon,LBN,2007,320.1043219
Lebanon,LBN,2008,219.5934959
Lebanon,LBN,2009,234.2926829
Lebanon,LBN,2010,296.7368421
Lebanon,LBN,2011,409.096
Lebanon,LBN,2012,443.6363636
Lebanon,LBN,2013,482.530303
Lebanon,LBN,2014,473.9015152
Libya,LBY,2002,66.29201102
Libya,LBY,2003,33.06997245
Libya,LBY,2004,51.65657143
Libya,LBY,2005,67.128
Libya,LBY,2006,42.30857143
Libya,LBY,2007,60.96
Libya,LBY,2008,27.26857143
Libya,LBY,2009,33.66857143
Libya,LBY,2010,18.65967366
Libya,LBY,2011,38.60722611
Libya,LBY,2012,33.09534884
Libya,LBY,2013,4.279069767
Libya,LBY,2014,4.58255814
Lithuania,LTU,2002,110.1549725
Lithuania,LTU,2003,147.3842623
Lithuania,LTU,2004,173.7602079
Lithuania,LTU,2005,97.56412274
Lithuania,LTU,2006,102.1678731
Lithuania,LTU,2007,90.06537372
Lithuania,LTU,2008,86.6811711
Lithuania,LTU,2009,44.25573355
Lithuania,LTU,2010,103.5348312
Lithuania,LTU,2011,77.63279499
Lithuania,LTU,2012,98.61756249
Lithuania,LTU,2013,84.45230299
Lithuania,LTU,2014,102.2895924
Low & middle income,,2002,97.21044245
Low & middle income,,2003,102.6002735
Low & middle income,,2004,108.4701098
Low & middle income,,2005,108.8051008
Low & middle income,,2006,114.4884405
Low & middle income,,2007,121.2570684
Low & middle income,,2008,121.3572672
Low & middle income,,2009,124.0601214
Low & middle income,,2010,132.1372025
Low & middle income,,2011,136.054424
Low & middle income,,2012,134.3964845
Low & middle income,,2013,135.2618167
Low & middle income,,2014,138.1755002
Low income,,2002,6.855650844
Low income,,2003,5.439573322
Low income,,2004,8.555216625
Low income,,2005,6.930214356
Low income,,2006,7.670087584
Low income,,2007,8.409844737
Low income,,2008,7.987640457
Low income,,2009,7.904739734
Low income,,2010,10.30894125
Low income,,2011,10.12201438
Low income,,2012,12.11181376
Low income,,2013,11.9442847
Low income,,2014,13.46014009
Lower middle income,,2002,77.1264168
Lower middle income,,2003,81.15557718
Lower middle income,,2004,87.15672633
Lower middle income,,2005,92.7080879
Lower middle income,,2006,97.82242107
Lower middle income,,2007,102.1213424
Lower middle income,,2008,106.7281986
Lower middle income,,2009,114.7001218
Lower middle income,,2010,120.0057342
Lower middle income,,2011,122.7114798
Lower middle income,,2012,115.9140143
Lower middle income,,2013,116.6946975
Lower middle income,,2014,120.6207647
Luxembourg,LUX,2002,581.1451613
Luxembourg,LUX,2003,267.4677419
Luxembourg,LUX,2004,333.6129032
Luxembourg,LUX,2005,313.15
Luxembourg,LUX,2006,293.6333333
Luxembourg,LUX,2007,276.4098361
Luxembourg,LUX,2008,250.516129
Luxembourg,LUX,2009,244.5847499
Luxembourg,LUX,2010,258.1920904
Luxembourg,LUX,2011,270.6052801
Luxembourg,LUX,2012,258.519821
Luxembourg,LUX,2013,247.5900721
Luxembourg,LUX,2014,413.4962466
Macedonia,MKD,2002,30.85971944
Macedonia,MKD,2003,32.80467091
Macedonia,MKD,2004,53.48156182
Macedonia,MKD,2005,62.02232143
Macedonia,MKD,2006,57.46697039
Macedonia,MKD,2007,67.12296984
Macedonia,MKD,2008,56.15801887
Macedonia,MKD,2009,56.69761905
Macedonia,MKD,2010,67.11111111
Macedonia,MKD,2011,63.61835749
Macedonia,MKD,2012,57.32125604
Macedonia,MKD,2013,69.23728814
Macedonia,MKD,2014,71.67391304
Madagascar,MDG,2002,2.094237288
Madagascar,MDG,2003,2.148135593
Madagascar,MDG,2004,2.203050847
Madagascar,MDG,2005,5.450666667
Madagascar,MDG,2006,2.466333333
Madagascar,MDG,2007,3.191666667
Madagascar,MDG,2008,4.1428125
Madagascar,MDG,2009,2.266571429
Madagascar,MDG,2010,2.416285714
Madagascar,MDG,2011,3.159428571
Madagascar,MDG,2012,2.441142857
Madagascar,MDG,2013,2.817428571
Madagascar,MDG,2014,5.544285714
Malawi,MWI,2002,29.71368421
Malawi,MWI,2003,31.07733333
Malawi,MWI,2004,34.406
Malawi,MWI,2005,30.491875
Malawi,MWI,2006,36.82454545
Malawi,MWI,2007,41.71866667
Malawi,MWI,2008,34.87043478
Malawi,MWI,2009,30.84571429
Malawi,MWI,2010,35.37648649
Malawi,MWI,2011,29.52277778
Malawi,MWI,2012,39.91173333
Malawi,MWI,2013,45.61578947
Malawi,MWI,2014,36.49631579
Malaysia,MYS,2002,1177.018762
Malaysia,MYS,2003,1304.132032
Malaysia,MYS,2004,1627.809368
Malaysia,MYS,2005,1457.356934
Malaysia,MYS,2006,1662.098845
Malaysia,MYS,2007,1836.520577
Malaysia,MYS,2008,2026.900858
Malaysia,MYS,2009,1527.602371
Malaysia,MYS,2010,2002.72073
Malaysia,MYS,2011,1553.743187
Malaysia,MYS,2012,1635.654737
Malaysia,MYS,2013,1724.380503
Malaysia,MYS,2014,2063.928721
Maldives,MDV,2002,6
Maldives,MDV,2003,8
Maldives,MDV,2004,10.33333333
Maldives,MDV,2005,29.66666667
Maldives,MDV,2006,117.6666667
Maldives,MDV,2007,87.33333333
Maldives,MDV,2008,16.75
Maldives,MDV,2009,98.5
Maldives,MDV,2010,94.35897436
Maldives,MDV,2011,36.66666667
Maldives,MDV,2012,123.8461538
Maldives,MDV,2013,192.3076923
Maldives,MDV,2014,207.4358974
Mali,MLI,2004,52.04158337
Mali,MLI,2005,15.69248617
Mali,MLI,2006,17.50132112
Mali,MLI,2007,31.05027548
Mali,MLI,2008,22.48168721
Mali,MLI,2009,6.088979122
Mali,MLI,2010,19.60038333
Mali,MLI,2011,22.00728757
Mali,MLI,2012,26.03060778
Mali,MLI,2013,31.48697551
Mali,MLI,2014,29.06114491
Malta,MLT,2002,103.2222222
Malta,MLT,2003,94.19354839
Malta,MLT,2004,130
Malta,MLT,2005,105.6097561
Malta,MLT,2006,148
Malta,MLT,2007,110.75
Malta,MLT,2008,74
Malta,MLT,2009,54.25
Malta,MLT,2010,63.76651982
Malta,MLT,2011,91.85022026
Malta,MLT,2012,259.3333333
Malta,MLT,2013,416.8338907
Malta,MLT,2014,468.0044593
Marshall Islands,MHL,2002,2
Marshall Islands,MHL,2003,2
Marshall Islands,MHL,2004,0.5
Marshall Islands,MHL,2005,0.5
Mauritius,MUS,2002,318.3707865
Mauritius,MUS,2003,299.4545455
Mauritius,MUS,2004,307.6896552
Mauritius,MUS,2005,352.1529412
Mauritius,MUS,2006,257.8674699
Mauritius,MUS,2007,282.2222222
Mauritius,MUS,2008,228.775
Mauritius,MUS,2009,227.9625
Mauritius,MUS,2010,163.2
Mauritius,MUS,2011,243.2307692
Mauritius,MUS,2012,224.1842105
Mauritius,MUS,2013,192.0133333
Mauritius,MUS,2014,211.6533333
Mexico,MEX,2002,65.2603951
Mexico,MEX,2003,66.75558092
Mexico,MEX,2004,73.21211338
Mexico,MEX,2005,79.18938874
Mexico,MEX,2006,69.03282969
Mexico,MEX,2007,75.04081806
Mexico,MEX,2008,52.15676989
Mexico,MEX,2009,51.92485767
Mexico,MEX,2010,75.0576424
Mexico,MEX,2011,72.87861775
Mexico,MEX,2012,78.38051836
Mexico,MEX,2013,78.76539717
Mexico,MEX,2014,83.57028133
Middle East & North Africa,,2002,81.03062898
Middle East & North Africa,,2003,90.24799937
Middle East & North Africa,,2004,97.17552638
Middle East & North Africa,,2005,100.7274008
Middle East & North Africa,,2006,97.16677346
Middle East & North Africa,,2007,92.47078721
Middle East & North Africa,,2008,99.06791279
Middle East & North Africa,,2009,82.27895173
Middle East & North Africa,,2010,81.50356461
Middle East & North Africa,,2011,85.19897316
Middle East & North Africa,,2012,97.48089031
Middle East & North Africa,,2013,88.5117414
Middle East & North Africa,,2014,90.01885757
Middle East & North Africa (IDA & IBRD),,2002,79.78917655
Middle East & North Africa (IDA & IBRD),,2003,85.73155247
Middle East & North Africa (IDA & IBRD),,2004,93.60689725
Middle East & North Africa (IDA & IBRD),,2005,98.03726796
Middle East & North Africa (IDA & IBRD),,2006,93.81224393
Middle East & North Africa (IDA & IBRD),,2007,86.7582397
Middle East & North Africa (IDA & IBRD),,2008,98.33680545
Middle East & North Africa (IDA & IBRD),,2009,81.58567923
Middle East & North Africa (IDA & IBRD),,2010,77.44075407
Middle East & North Africa (IDA & IBRD),,2011,75.79422188
Middle East & North Africa (IDA & IBRD),,2012,74.90280693
Middle East & North Africa (IDA & IBRD),,2013,71.14272149
Middle East & North Africa (IDA & IBRD),,2014,74.08820636
Middle East & North Africa (excluding high income),,2002,79.78917655
Middle East & North Africa (excluding high income),,2003,85.73155247
Middle East & North Africa (excluding high income),,2004,93.60689725
Middle East & North Africa (excluding high income),,2005,98.03726796
Middle East & North Africa (excluding high income),,2006,93.81224393
Middle East & North Africa (excluding high income),,2007,86.7582397
Middle East & North Africa (excluding high income),,2008,98.33680545
Middle East & North Africa (excluding high income),,2009,81.58567923
Middle East & North Africa (excluding high income),,2010,77.44075407
Middle East & North Africa (excluding high income),,2011,75.79422188
Middle East & North Africa (excluding high income),,2012,74.90280693
Middle East & North Africa (excluding high income),,2013,71.14272149
Middle East & North Africa (excluding high income),,2014,74.08820636
Middle income,,2002,106.5553875
Middle income,,2003,112.942816
Middle income,,2004,119.234302
Middle income,,2005,119.992948
Middle income,,2006,126.3331673
Middle income,,2007,134.0505423
Middle income,,2008,134.8619871
Middle income,,2009,137.7809858
Middle income,,2010,146.8835801
Middle income,,2011,151.7691127
Middle income,,2012,149.9378016
Middle income,,2013,150.7226639
Middle income,,2014,153.7054896
Moldova,MDA,2002,8.138903961
Moldova,MDA,2003,7.533875339
Moldova,MDA,2004,8.315217391
Moldova,MDA,2005,9.001636661
Moldova,MDA,2006,8.46043956
Moldova,MDA,2007,11.02250274
Moldova,MDA,2008,12.45304778
Moldova,MDA,2009,9.364336819
Moldova,MDA,2010,11.05956977
Moldova,MDA,2011,13.04748758
Moldova,MDA,2012,19.12899669
Moldova,MDA,2013,24.66960352
Moldova,MDA,2014,39.84589983
Mongolia,MNG,2002,5.883597884
Mongolia,MNG,2003,5.705965909
Mongolia,MNG,2004,8.342329545
Mongolia,MNG,2005,5.261870504
Mongolia,MNG,2006,9.359195402
Mongolia,MNG,2007,8.560455192
Mongolia,MNG,2008,8.322541966
Mongolia,MNG,2009,12.17041801
Mongolia,MNG,2010,18.04560261
Mongolia,MNG,2011,22.85597381
Mongolia,MNG,2012,25.14219474
Mongolia,MNG,2013,43.63700565
Mongolia,MNG,2014,32.9583921
Montenegro,MNE,2006,18.70114943
Montenegro,MNE,2007,15.63218391
Montenegro,MNE,2008,14.79190751
Montenegro,MNE,2009,11.32947977
Montenegro,MNE,2010,14.35465116
Montenegro,MNE,2011,12.54913295
Montenegro,MNE,2012,12.4127907
Montenegro,MNE,2013,324.7435897
Montenegro,MNE,2014,271.9358534
Morocco,MAR,2002,65.55427279
Morocco,MAR,2003,55.31120928
Morocco,MAR,2004,48.95761267
Morocco,MAR,2005,63.78724452
Morocco,MAR,2006,60.16865079
Morocco,MAR,2007,58.82951023
Morocco,MAR,2008,53.82662692
Morocco,MAR,2009,41.06535151
Morocco,MAR,2010,57.17102454
Morocco,MAR,2011,59.12004408
Morocco,MAR,2012,56.99266808
Morocco,MAR,2013,63.57613776
Morocco,MAR,2014,66.70885609
Mozambique,MOZ,2002,5.97752809
Mozambique,MOZ,2003,0.736222222
Mozambique,MOZ,2004,2.259782609
Mozambique,MOZ,2005,1.4274
Mozambique,MOZ,2006,4.643061224
Mozambique,MOZ,2007,2.660769231
Mozambique,MOZ,2008,11.41722222
Mozambique,MOZ,2009,4.033454545
Mozambique,MOZ,2010,8.199469027
Mozambique,MOZ,2011,7.355929204
Mozambique,MOZ,2012,5.994159292
Mozambique,MOZ,2013,10.58424779
Mozambique,MOZ,2014,14.89274336
Myanmar,MMR,2002,4.290103427
Myanmar,MMR,2003,10.30900416
Myanmar,MMR,2004,19.91162228
Myanmar,MMR,2005,6.52112536
Myanmar,MMR,2006,9.01625387
Myanmar,MMR,2007,15.77290347
Myanmar,MMR,2008,7.609687675
Myanmar,MMR,2009,6.236427645
Myanmar,MMR,2010,6.637221349
Myanmar,MMR,2011,14.99517894
Myanmar,MMR,2012,15.75165101
Myanmar,MMR,2013,17.1007241
Myanmar,MMR,2014,20.46834739
Namibia,NAM,2002,3.903186275
Namibia,NAM,2003,1.411042945
Namibia,NAM,2004,3.204907975
Namibia,NAM,2005,1.911547912
Namibia,NAM,2006,2.846248462
Namibia,NAM,2007,2.465
Namibia,NAM,2008,0.28625
Namibia,NAM,2009,1.59
Namibia,NAM,2010,4.43375
Namibia,NAM,2011,6.605
Namibia,NAM,2012,6.1125
Namibia,NAM,2013,3.76875
Namibia,NAM,2014,2.15625
Nepal,NPL,2002,16.68094218
Nepal,NPL,2003,5.0587473
Nepal,NPL,2004,8.025217391
Nepal,NPL,2005,3.568859649
Nepal,NPL,2006,5.642035398
Nepal,NPL,2007,1.608928571
Nepal,NPL,2008,1.364864865
Nepal,NPL,2009,18.20272727
Nepal,NPL,2010,25.08669725
Nepal,NPL,2011,35.8098673
Nepal,NPL,2012,26.69499528
Nepal,NPL,2013,54.44512772
Nepal,NPL,2014,67.37048777
Netherlands,NLD,1913,163.7
Netherlands,NLD,1922,188.6
Netherlands,NLD,1937,299.2
Netherlands,NLD,1957,204.2
Netherlands,NLD,1999,494.5
Netherlands,NLD,2002,428.8231441
Netherlands,NLD,2003,438.2913907
Netherlands,NLD,2004,357.3135255
Netherlands,NLD,2005,337.8064806
Netherlands,NLD,2006,353.1463825
Netherlands,NLD,2007,302.1390828
Netherlands,NLD,2008,267.7086068
Netherlands,NLD,2009,238.1710439
Netherlands,NLD,2010,293.3258361
Netherlands,NLD,2011,246.8111332
Netherlands,NLD,2012,270.0296736
Netherlands,NLD,2013,231.1276965
Netherlands,NLD,2014,241.1856459
New Caledonia,NCL,2002,260.5882353
New Caledonia,NCL,2003,536.4705882
New Caledonia,NCL,2004,231.3235294
New Caledonia,NCL,2005,282.5
New Caledonia,NCL,2006,240
New Caledonia,NCL,2007,267.6470588
New Caledonia,NCL,2008,199.4117647
New Caledonia,NCL,2009,99.41176471
New Caledonia,NCL,2010,150
New Caledonia,NCL,2011,209.3846154
New Caledonia,NCL,2012,227.3333333
New Caledonia,NCL,2013,236.2903226
New Caledonia,NCL,2014,287.3397436
New Zealand,NZL,2002,1836.390756
New Zealand,NZL,2003,2279.081928
New Zealand,NZL,2004,1760.647619
New Zealand,NZL,2005,2718.687059
New Zealand,NZL,2006,2494.977444
New Zealand,NZL,2007,2304.607889
New Zealand,NZL,2008,1726.609272
New Zealand,NZL,2009,1271.819533
New Zealand,NZL,2010,1270.635271
New Zealand,NZL,2011,1780.609342
New Zealand,NZL,2012,1692.766208
New Zealand,NZL,2013,1493.239488
New Zealand,NZL,2014,1490.952542
Nicaragua,NIC,2002,28.4085
Nicaragua,NIC,2003,31.89560976
Nicaragua,NIC,2004,32.97538462
Nicaragua,NIC,2005,28.1135
Nicaragua,NIC,2006,32.62741935
Nicaragua,NIC,2007,31.47
Nicaragua,NIC,2008,27.10823529
Nicaragua,NIC,2009,34.69151515
Nicaragua,NIC,2010,34.73612018
Nicaragua,NIC,2011,51.57285429
Nicaragua,NIC,2012,50.20496084
Nicaragua,NIC,2013,34.41954787
Nicaragua,NIC,2014,50.94215426
Niger,NER,2002,0.611819484
Niger,NER,2003,0.29366548
Niger,NER,2004,0.239985821
Niger,NER,2005,0.38766551
Niger,NER,2006,0.527622551
Niger,NER,2007,0.354907873
Niger,NER,2008,0.153418231
Niger,NER,2009,0.353489933
Niger,NER,2010,0.49602649
Niger,NER,2011,0.485641026
Niger,NER,2012,0.922389937
Niger,NER,2013,0.672767296
Niger,NER,2014,1.070503145
Nigeria,NGA,2002,4.528882353
Nigeria,NGA,2003,6.141
Nigeria,NGA,2004,4.545114286
Nigeria,NGA,2005,7.197333333
Nigeria,NGA,2006,10.03888587
Nigeria,NGA,2007,4.205054054
Nigeria,NGA,2008,5.876833333
Nigeria,NGA,2009,5.26103125
Nigeria,NGA,2010,12.21366667
Nigeria,NGA,2011,6.561294118
Nigeria,NGA,2012,11.38334286
Nigeria,NGA,2013,16.17729412
Nigeria,NGA,2014,10.88108824
North America,,2002,101.0415815
North America,,2003,106.839135
North America,,2004,108.1269138
North America,,2005,106.3831905
North America,,2006,108.8138016
North America,,2007,111.4441551
North America,,2008,102.0195558
North America,,2009,98.44039275
North America,,2010,106.6849117
North America,,2011,121.6798425
North America,,2012,123.134259
North America,,2013,127.8727982
North America,,2014,126.5545371
Norway,NOR,2002,205.5797267
Norway,NOR,2003,213.5074627
Norway,NOR,2004,215.2301496
Norway,NOR,2005,218.8654292
Norway,NOR,2006,216.4184149
Norway,NOR,2007,220.4175463
Norway,NOR,2008,213.5569755
Norway,NOR,2009,179.1251437
Norway,NOR,2010,170.0036337
Norway,NOR,2011,192.1589242
Norway,NOR,2012,186.7064909
Norway,NOR,2013,190.4577028
Norway,NOR,2014,201.417235
OECD members,,2002,116.8058991
OECD members,,2003,122.422977
OECD members,,2004,123.1771535
OECD members,,2005,120.9277419
OECD members,,2006,120.1099641
OECD members,,2007,126.0982842
OECD members,,2008,108.7437578
OECD members,,2009,103.0917568
OECD members,,2010,115.1262324
OECD members,,2011,120.7328856
OECD members,,2012,123.6382568
OECD members,,2013,127.9986196
OECD members,,2014,130.3309001
Oman,OMN,2002,382.9354839
Oman,OMN,2003,391.9032258
Oman,OMN,2004,472.4137931
Oman,OMN,2005,1365.821429
Oman,OMN,2006,1063.615385
Oman,OMN,2007,363.75
Oman,OMN,2008,724.1
Oman,OMN,2009,632.4324324
Oman,OMN,2010,113.877551
Oman,OMN,2011,653.604336
Oman,OMN,2012,969.7626113
Oman,OMN,2013,908.9920424
Oman,OMN,2014,260.3157895
Other small states,,2009,52.05507214
Other small states,,2010,70.37541417
Other small states,,2011,86.19648131
Other small states,,2012,98.31062956
Other small states,,2013,83.47326726
Other small states,,2014,102.8973357
Pakistan,PAK,2002,97.47085202
Pakistan,PAK,2003,100.9701828
Pakistan,PAK,2004,110.7789508
Pakistan,PAK,2005,123.4834604
Pakistan,PAK,2006,125.7302441
Pakistan,PAK,2007,118.4234924
Pakistan,PAK,2008,119.1546504
Pakistan,PAK,2009,144.3274303
Pakistan,PAK,2010,138.3047295
Pakistan,PAK,2011,128.522691
Pakistan,PAK,2012,116.9207011
Pakistan,PAK,2013,135.2519856
Pakistan,PAK,2014,134.379862
Panama,PAN,2002,40.40328467
Panama,PAN,2003,51.15693431
Panama,PAN,2004,42.16058394
Panama,PAN,2005,34.41970803
Panama,PAN,2006,38.3962963
Panama,PAN,2007,34.08888889
Panama,PAN,2008,35.80925926
Panama,PAN,2009,47.5462963
Panama,PAN,2010,63.75925047
Panama,PAN,2011,37.43185841
Panama,PAN,2012,41.60568384
Panama,PAN,2013,82.30905861
Panama,PAN,2014,70.12255773
Papua New Guinea,PNG,2002,159.1181818
Papua New Guinea,PNG,2003,393.5288889
Papua New Guinea,PNG,2004,76.82608696
Papua New Guinea,PNG,2005,71.40833333
Papua New Guinea,PNG,2006,58.888
Papua New Guinea,PNG,2007,75.848
Papua New Guinea,PNG,2008,70.70333333
Papua New Guinea,PNG,2009,103.8533333
Papua New Guinea,PNG,2010,109.4833333
Papua New Guinea,PNG,2011,85.47666667
Papua New Guinea,PNG,2012,104.13
Papua New Guinea,PNG,2013,97.79666667
Papua New Guinea,PNG,2014,107.3466667
Paraguay,PRY,2002,47.71588785
Paraguay,PRY,2003,66.23932927
Paraguay,PRY,2004,78.42195846
Paraguay,PRY,2005,65.76300578
Paraguay,PRY,2006,72.72112676
Paraguay,PRY,2007,94.31098901
Paraguay,PRY,2008,74.70401916
Paraguay,PRY,2009,62.72885572
Paraguay,PRY,2010,82.09505428
Paraguay,PRY,2011,97.63763066
Paraguay,PRY,2012,83.30237826
Paraguay,PRY,2013,94.81173913
Paraguay,PRY,2014,105.2333333
Peru,PER,2002,80.35412844
Peru,PER,2003,82.29830508
Peru,PER,2004,88.21176471
Peru,PER,2005,76.72086514
Peru,PER,2006,85.42060302
Peru,PER,2007,100.5625935
Peru,PER,2008,74.06526055
Peru,PER,2009,93.15816203
Peru,PER,2010,89.52093023
Peru,PER,2011,101.244665
Peru,PER,2012,104.1065929
Peru,PER,2013,104.1498807
Peru,PER,2014,110.8403989
Philippines,PHL,2002,146.3610942
Philippines,PHL,2003,172.7686117
Philippines,PHL,2004,159.8457031
Philippines,PHL,2005,152.1554446
Philippines,PHL,2006,138.5612027
Philippines,PHL,2007,159.3081285
Philippines,PHL,2008,104.9730275
Philippines,PHL,2009,121.4452727
Philippines,PHL,2010,151.4354717
Philippines,PHL,2011,144.8612844
Philippines,PHL,2012,102.1469534
Philippines,PHL,2013,71.74991055
Philippines,PHL,2014,183.0949911
Poland,POL,2002,116.1952344
Poland,POL,2003,128.8710574
Poland,POL,2004,129.1356067
Poland,POL,2005,161.9388848
Poland,POL,2006,159.3386158
Poland,POL,2007,181.1722913
Poland,POL,2008,157.7181765
Poland,POL,2009,147.2650423
Poland,POL,2010,180.4783452
Poland,POL,2011,169.7422959
Poland,POL,2012,177.8855835
Poland,POL,2013,179.3272795
Poland,POL,2014,231.6466874
Portugal,PRT,2002,194.0366232
Portugal,PRT,2003,176.9562663
Portugal,PRT,2004,208.3148992
Portugal,PRT,2005,207.1181534
Portugal,PRT,2006,135.2893482
Portugal,PRT,2007,199.9085565
Portugal,PRT,2008,155.4888093
Portugal,PRT,2009,118.5656714
Portugal,PRT,2010,148.9573621
Portugal,PRT,2011,132.5053028
Portugal,PRT,2012,150.2687263
Portugal,PRT,2013,178.6392117
Portugal,PRT,2014,184.759149
Post-demographic dividend,,2002,111.9166039
Post-demographic dividend,,2003,116.9587732
Post-demographic dividend,,2004,116.6411921
Post-demographic dividend,,2005,113.1624267
Post-demographic dividend,,2006,114.0499312
Post-demographic dividend,,2007,119.7951734
Post-demographic dividend,,2008,105.5204427
Post-demographic dividend,,2009,97.29780975
Post-demographic dividend,,2010,109.6525243
Post-demographic dividend,,2011,117.0854394
Post-demographic dividend,,2012,118.8446189
Post-demographic dividend,,2013,122.4843849
Post-demographic dividend,,2014,123.4005454
Pre-demographic dividend,,2002,5.732575297
Pre-demographic dividend,,2003,6.15415321
Pre-demographic dividend,,2004,8.590258009
Pre-demographic dividend,,2005,8.392925184
Pre-demographic dividend,,2006,9.308645618
Pre-demographic dividend,,2007,8.250402631
Pre-demographic dividend,,2008,8.678597841
Pre-demographic dividend,,2009,8.609281765
Pre-demographic dividend,,2010,10.85981817
Pre-demographic dividend,,2011,10.39945637
Pre-demographic dividend,,2012,12.96022091
Pre-demographic dividend,,2013,14.29957115
Pre-demographic dividend,,2014,11.85747753
Qatar,QAT,2002,44.43478261
Qatar,QAT,2004,4254.568966
Qatar,QAT,2005,633.5344828
Qatar,QAT,2007,5413.846154
Qatar,QAT,2008,231.0654685
Qatar,QAT,2009,3301.724138
Qatar,QAT,2010,6714.846819
Qatar,QAT,2011,12755.084
Qatar,QAT,2012,12591.34615
Qatar,QAT,2013,7264.179104
Qatar,QAT,2014,12111.45038
Romania,ROU,2002,34.78274317
Romania,ROU,2003,38.632825
Romania,ROU,2004,42.62523836
Romania,ROU,2005,51.35136338
Romania,ROU,2006,40.59559235
Romania,ROU,2007,44.63585014
Romania,ROU,2008,45.63524825
Romania,ROU,2009,48.49323017
Romania,ROU,2010,52.54624973
Romania,ROU,2011,54.13496387
Romania,ROU,2012,49.78085929
Romania,ROU,2013,56.23496456
Romania,ROU,2014,51.51959444
Russia,RUS,2002,13.55253716
Russia,RUS,2003,11.00351667
Russia,RUS,2004,11.41977633
Russia,RUS,2005,11.79264417
Russia,RUS,2006,12.48071134
Russia,RUS,2007,14.25312978
Russia,RUS,2008,15.88274462
Russia,RUS,2009,15.62209446
Russia,RUS,2010,16.07453782
Russia,RUS,2011,16.40966667
Russia,RUS,2012,15.67832985
Russia,RUS,2013,15.22431283
Russia,RUS,2014,15.71029408
Rwanda,RWA,2003,2.23857404
Rwanda,RWA,2004,1.831881031
Rwanda,RWA,2005,3.139717425
Rwanda,RWA,2006,3.52327848
Rwanda,RWA,2007,7.914753157
Rwanda,RWA,2008,9.62288803
Rwanda,RWA,2009,1.290587825
Rwanda,RWA,2010,0.083635846
Rwanda,RWA,2011,0.099873844
Rwanda,RWA,2012,4.139980708
Rwanda,RWA,2013,10.12346723
Rwanda,RWA,2014,11.75032623
Saint Kitts and Nevis,KNA,2003,84.14285714
Saint Kitts and Nevis,KNA,2004,7.857142857
Saint Kitts and Nevis,KNA,2005,13.85390428
Saint Kitts and Nevis,KNA,2006,22.61306533
Saint Kitts and Nevis,KNA,2007,12.53132832
Saint Kitts and Nevis,KNA,2008,20.5
Saint Kitts and Nevis,KNA,2009,12.75
Saint Kitts and Nevis,KNA,2010,11.33333333
Saint Kitts and Nevis,KNA,2011,10.4
Saint Kitts and Nevis,KNA,2012,10.4
Saint Kitts and Nevis,KNA,2013,8.8
Saint Kitts and Nevis,KNA,2014,4
Saint Lucia,LCA,2008,7.2
Saint Lucia,LCA,2009,88
Saint Lucia,LCA,2010,119.3333333
Saint Lucia,LCA,2011,84
Saint Lucia,LCA,2012,223
Saint Lucia,LCA,2013,197
Saint Lucia,LCA,2014,208.3333333
Samoa,WSM,2002,0.769230769
Samoa,WSM,2003,1.846153846
Samoa,WSM,2004,3.333333333
Samoa,WSM,2005,3.363636364
Samoa,WSM,2006,2.307692308
Samoa,WSM,2007,3.8
Samoa,WSM,2008,5.444444444
Samoa,WSM,2009,4.430379747
Samoa,WSM,2010,2
Samoa,WSM,2011,1.875
Samoa,WSM,2012,0.75
Samoa,WSM,2013,1.75
Samoa,WSM,2014,4
Saudi Arabia,SAU,2002,56.47972222
Saudi Arabia,SAU,2003,119.1816667
Saudi Arabia,SAU,2004,104.9914286
Saudi Arabia,SAU,2005,93.90285714
Saudi Arabia,SAU,2006,98.7826087
Saudi Arabia,SAU,2007,118.8247243
Saudi Arabia,SAU,2008,77.59508835
Saudi Arabia,SAU,2009,43.82352941
Saudi Arabia,SAU,2010,92.0408805
Saudi Arabia,SAU,2011,148.3159228
Saudi Arabia,SAU,2012,361.4886108
Saudi Arabia,SAU,2013,293.9374185
Saudi Arabia,SAU,2014,242.2415762
Senegal,SEN,2002,11.79442623
Senegal,SEN,2003,10.93860846
Senegal,SEN,2004,12.71175092
Senegal,SEN,2005,9.86628279
Senegal,SEN,2006,2.308885755
Senegal,SEN,2007,2.145964912
Senegal,SEN,2008,2.303038674
Senegal,SEN,2009,6.371801567
Senegal,SEN,2010,8.202368421
Senegal,SEN,2011,6.827575758
Senegal,SEN,2012,11.50878788
Senegal,SEN,2013,8.6909375
Senegal,SEN,2014,6.71125
Serbia,SRB,2006,150.0577879
Serbia,SRB,2007,193.7129318
Serbia,SRB,2008,142.1789137
Serbia,SRB,2009,181.101121
Serbia,SRB,2010,144.4640772
Serbia,SRB,2011,158.2921008
Serbia,SRB,2012,220.1397291
Serbia,SRB,2013,197.8566189
Serbia,SRB,2014,157.2283839
Seychelles,SYC,2003,24
Seychelles,SYC,2004,11
Seychelles,SYC,2005,34
Seychelles,SYC,2006,11
Seychelles,SYC,2007,30
Seychelles,SYC,2008,34
Seychelles,SYC,2009,52
Seychelles,SYC,2010,32.22222222
Seychelles,SYC,2011,562.5
Seychelles,SYC,2012,1112.5
Seychelles,SYC,2013,1837.5
Seychelles,SYC,2014,575
Singapore,SGP,2002,1830
Singapore,SGP,2003,11566.66667
Singapore,SGP,2004,13528.57143
Singapore,SGP,2005,13753.0303
Singapore,SGP,2006,16532.30769
Singapore,SGP,2007,16242.85714
Singapore,SGP,2008,16266.66667
Singapore,SGP,2009,4663.333333
Singapore,SGP,2010,3131.25
Singapore,SGP,2011,4373.015873
Singapore,SGP,2012,3374.603175
Singapore,SGP,2013,3400
Singapore,SGP,2014,1076.785714
Slovakia,SVK,2002,83.10638298
Slovakia,SVK,2003,78.94833687
Slovakia,SVK,2004,83.66690596
Slovakia,SVK,2005,80.50395399
Slovakia,SVK,2006,91.78156749
Slovakia,SVK,2007,89.95061728
Slovakia,SVK,2008,75.08393632
Slovakia,SVK,2009,78.30969609
Slovakia,SVK,2010,85.06393678
Slovakia,SVK,2011,95.9373203
Slovakia,SVK,2012,106.9194857
Slovakia,SVK,2013,113.5703013
Slovakia,SVK,2014,124.177424
Slovenia,SVN,2002,403.4761905
Slovenia,SVN,2003,400.2890173
Slovenia,SVN,2004,358.6988636
Slovenia,SVN,2005,329.5511364
Slovenia,SVN,2006,322.005618
Slovenia,SVN,2007,324.5257143
Slovenia,SVN,2008,279.8429748
Slovenia,SVN,2009,233.834464
Slovenia,SVN,2010,266.5691533
Slovenia,SVN,2011,256.506645
Slovenia,SVN,2012,248.5138813
Slovenia,SVN,2013,250.7077256
Slovenia,SVN,2014,260.0249742
Small states,,2009,52.64438057
Small states,,2010,70.66742601
Small states,,2011,82.07500675
Small states,,2012,93.58793687
Small states,,2013,81.7370566
Small states,,2014,93.43280265
South Africa,ZAF,2002,61.20489051
South Africa,ZAF,2003,55.15007353
South Africa,ZAF,2004,60.28759398
South Africa,ZAF,2005,47.33100569
South Africa,ZAF,2006,62.33642857
South Africa,ZAF,2007,61.02174603
South Africa,ZAF,2008,56.29320313
South Africa,ZAF,2009,60.24747235
South Africa,ZAF,2010,53.78097822
South Africa,ZAF,2011,60.33740547
South Africa,ZAF,2012,59.52336
South Africa,ZAF,2013,57.71848
South Africa,ZAF,2014,60.60432
South Asia,,2002,99.76452827
South Asia,,2003,102.4854541
South Asia,,2004,112.1182069
South Asia,,2005,124.2851015
South Asia,,2006,131.3940447
South Asia,,2007,134.6982716
South Asia,,2008,143.7797179
South Asia,,2009,157.7590156
South Asia,,2010,166.4414323
South Asia,,2011,168.211521
South Asia,,2012,154.850667
South Asia,,2013,151.8301299
South Asia,,2014,158.4858606
South Asia (IDA & IBRD),,2002,99.76452827
South Asia (IDA & IBRD),,2003,102.4854541
South Asia (IDA & IBRD),,2004,112.1182069
South Asia (IDA & IBRD),,2005,124.2851015
South Asia (IDA & IBRD),,2006,131.3940447
South Asia (IDA & IBRD),,2007,134.6982716
South Asia (IDA & IBRD),,2008,143.7797179
South Asia (IDA & IBRD),,2009,157.7590156
South Asia (IDA & IBRD),,2010,166.4414323
South Asia (IDA & IBRD),,2011,168.211521
South Asia (IDA & IBRD),,2012,154.850667
South Asia (IDA & IBRD),,2013,151.8301299
South Asia (IDA & IBRD),,2014,158.4858606
South Korea,KOR,2002,412.1272401
South Korea,KOR,2003,468.7902351
South Korea,KOR,2004,525.4228675
South Korea,KOR,2005,643.3578819
South Korea,KOR,2006,469.8499074
South Korea,KOR,2007,511.0369443
South Korea,KOR,2008,441.0523962
South Korea,KOR,2009,331.9557292
South Korea,KOR,2010,336.0537492
South Korea,KOR,2011,334.9092742
South Korea,KOR,2012,481.0116936
South Korea,KOR,2013,361.264875
South Korea,KOR,2014,399.9241192
Spain,ESP,1913,4.2
Spain,ESP,1922,1.5
Spain,ESP,1957,24.9
Spain,ESP,1999,119.5
Spain,ESP,2002,164.4517778
Spain,ESP,2003,175.2709534
Spain,ESP,2004,165.4026104
Spain,ESP,2005,142.1395493
Spain,ESP,2006,142.3294811
Spain,ESP,2007,157.7222311
Spain,ESP,2008,106.5446028
Spain,ESP,2009,96.92694247
Spain,ESP,2010,130.6752874
Spain,ESP,2011,122.6164615
Spain,ESP,2012,122.5808274
Spain,ESP,2013,143.5965028
Spain,ESP,2014,151.3560841
Sri Lanka,LKA,2002,304.5630342
Sri Lanka,LKA,2003,259.1842105
Sri Lanka,LKA,2004,287.01
Sri Lanka,LKA,2005,255.2918182
Sri Lanka,LKA,2006,291.3152381
Sri Lanka,LKA,2007,288.525
Sri Lanka,LKA,2008,311.7116667
Sri Lanka,LKA,2009,281.3763636
Sri Lanka,LKA,2010,229.0475
Sri Lanka,LKA,2011,257.3146154
Sri Lanka,LKA,2012,199.576
Sri Lanka,LKA,2013,161.6076923
Sri Lanka,LKA,2014,245.1969231
Sub-Saharan Africa,,2002,11.78838155
Sub-Saharan Africa,,2003,10.97695702
Sub-Saharan Africa,,2004,12.82048911
Sub-Saharan Africa,,2005,10.94900844
Sub-Saharan Africa,,2006,13.05702173
Sub-Saharan Africa,,2007,12.53152622
Sub-Saharan Africa,,2008,12.20747184
Sub-Saharan Africa,,2009,12.43157498
Sub-Saharan Africa,,2010,14.98531295
Sub-Saharan Africa,,2011,14.19825575
Sub-Saharan Africa,,2012,16.10156555
Sub-Saharan Africa,,2013,17.23968519
Sub-Saharan Africa,,2014,15.98571379
Sub-Saharan Africa (IDA & IBRD),,2002,11.78838155
Sub-Saharan Africa (IDA & IBRD),,2003,10.97695702
Sub-Saharan Africa (IDA & IBRD),,2004,12.82048911
Sub-Saharan Africa (IDA & IBRD),,2005,10.94900844
Sub-Saharan Africa (IDA & IBRD),,2006,13.05702173
Sub-Saharan Africa (IDA & IBRD),,2007,12.53152622
Sub-Saharan Africa (IDA & IBRD),,2008,12.20747184
Sub-Saharan Africa (IDA & IBRD),,2009,12.43157498
Sub-Saharan Africa (IDA & IBRD),,2010,14.98531295
Sub-Saharan Africa (IDA & IBRD),,2011,14.19825575
Sub-Saharan Africa (IDA & IBRD),,2012,16.10156555
Sub-Saharan Africa (IDA & IBRD),,2013,17.23968519
Sub-Saharan Africa (IDA & IBRD),,2014,15.98571379
Sub-Saharan Africa (excluding high income),,2002,11.78845042
Sub-Saharan Africa (excluding high income),,2003,10.97688354
Sub-Saharan Africa (excluding high income),,2004,12.82049931
Sub-Saharan Africa (excluding high income),,2005,10.94888196
Sub-Saharan Africa (excluding high income),,2006,13.05703295
Sub-Saharan Africa (excluding high income),,2007,12.53143259
Sub-Saharan Africa (excluding high income),,2008,12.20735746
Sub-Saharan Africa (excluding high income),,2009,12.43136684
Sub-Saharan Africa (excluding high income),,2010,14.98523255
Sub-Saharan Africa (excluding high income),,2011,14.19803494
Sub-Saharan Africa (excluding high income),,2012,16.10113349
Sub-Saharan Africa (excluding high income),,2013,17.23896289
Sub-Saharan Africa (excluding high income),,2014,15.98549193
Sudan,SDN,2002,3.472486228
Sudan,SDN,2003,3.495457567
Sudan,SDN,2004,4.608968311
Sudan,SDN,2005,2.6752
Sudan,SDN,2006,2.550933333
Sudan,SDN,2007,3.588611212
Sudan,SDN,2008,3.840898504
Sudan,SDN,2009,7.963796812
Sudan,SDN,2010,10.23810602
Sudan,SDN,2011,8.076954829
Sudan,SDN,2012,11.19366906
Sudan,SDN,2013,11.0821796
Sudan,SDN,2014,11.09157168
Suriname,SUR,2002,92.17777778
Suriname,SUR,2003,109.0545455
Suriname,SUR,2004,141.0377358
Suriname,SUR,2005,106.3673469
Suriname,SUR,2006,183.3265306
Suriname,SUR,2007,149.4347826
Suriname,SUR,2008,548.6595745
Suriname,SUR,2009,158.2931034
Suriname,SUR,2010,211.9272727
Suriname,SUR,2011,206.2931034
Suriname,SUR,2012,183.3461538
Suriname,SUR,2013,165.1
Suriname,SUR,2014,190.6307692
Sweden,SWE,2002,99.88793425
Sweden,SWE,2003,98.23705926
Sweden,SWE,2004,97.85391566
Sweden,SWE,2005,87.89903489
Sweden,SWE,2006,86.42021879
Sweden,SWE,2007,89.46570671
Sweden,SWE,2008,99.16222391
Sweden,SWE,2009,64.00911162
Sweden,SWE,2010,81.85485714
Sweden,SWE,2011,85.21187739
Sweden,SWE,2012,76.03424394
Sweden,SWE,2013,84.64676425
Sweden,SWE,2014,92.75656878
Switzerland,CHE,2002,196.2062209
Switzerland,CHE,2003,203.3693782
Switzerland,CHE,2004,216.4378844
Switzerland,CHE,2005,227.9640571
Switzerland,CHE,2006,228.6535627
Switzerland,CHE,2007,229.8967044
Switzerland,CHE,2008,227.272951
Switzerland,CHE,2009,190.8300493
Switzerland,CHE,2010,218.3831891
Switzerland,CHE,2011,208.9551869
Switzerland,CHE,2012,215.9237246
Switzerland,CHE,2013,205.1721575
Switzerland,CHE,2014,197.1814093
Syria,SYR,2002,68.35271065
Syria,SYR,2003,75.84864865
Syria,SYR,2004,73.18120664
Syria,SYR,2005,84.94588235
Syria,SYR,2006,84.54111349
Syria,SYR,2007,80.64548142
Syria,SYR,2008,87.98999787
Syria,SYR,2009,65.42184154
Syria,SYR,2010,33.01685513
Syria,SYR,2011,49.72200772
Syria,SYR,2012,30.03858521
Syria,SYR,2013,21.4030459
Syria,SYR,2014,5.377520378
Tajikistan,TJK,2004,33.94344473
Tajikistan,TJK,2005,37.82430647
Tajikistan,TJK,2006,73.94843962
Tajikistan,TJK,2007,74.12868633
Tajikistan,TJK,2008,70.44534413
Tajikistan,TJK,2009,64.11498536
Tajikistan,TJK,2010,60.59677634
Tajikistan,TJK,2011,66.78924846
Tajikistan,TJK,2012,71.53814714
Tajikistan,TJK,2013,73.68027211
Tajikistan,TJK,2014,84.44657534
Tanzania,TZA,2002,3.699767442
Tanzania,TZA,2003,4.455503513
Tanzania,TZA,2004,5.289157895
Tanzania,TZA,2005,5.75443299
Tanzania,TZA,2006,5.397628866
Tanzania,TZA,2007,5.0716
Tanzania,TZA,2008,4.67662043
Tanzania,TZA,2009,7.524608696
Tanzania,TZA,2010,8.786637931
Tanzania,TZA,2011,8.606910569
Tanzania,TZA,2012,7.699411765
Tanzania,TZA,2013,4.674888889
Tanzania,TZA,2014,8.418666667
Thailand,THA,2002,110.5225161
Thailand,THA,2003,149.1803947
Thailand,THA,2004,131.6952632
Thailand,THA,2005,112.7269079
Thailand,THA,2006,117.3998684
Thailand,THA,2007,124.9528947
Thailand,THA,2008,130.5175738
Thailand,THA,2009,122.0593183
Thailand,THA,2010,162.1557107
Thailand,THA,2011,159.165165
Thailand,THA,2012,151.7551329
Thailand,THA,2013,167.1027365
Thailand,THA,2014,152.2867936
Togo,TGO,2002,5.172631579
Togo,TGO,2003,7.48893617
Togo,TGO,2004,3.39311828
Togo,TGO,2005,9.683809524
Togo,TGO,2006,5.48
Togo,TGO,2007,6.282251082
Togo,TGO,2008,0.00042735
Togo,TGO,2009,6.161666667
Togo,TGO,2010,8.961788618
Togo,TGO,2011,10.20284553
Togo,TGO,2012,5.004150943
Togo,TGO,2013,11.99962264
Togo,TGO,2014,9.225283019
Tonga,TON,2002,12.93333333
Tonga,TON,2003,301.5333333
Tonga,TON,2004,98.06666667
Tonga,TON,2005,95
Tonga,TON,2006,45.875
Tonga,TON,2007,9.5
Tonga,TON,2008,10.125
Tonga,TON,2009,261.4117647
Tonga,TON,2010,239.1764706
Tonga,TON,2011,108.3529412
Tonga,TON,2012,314.2222222
Tonga,TON,2013,581.2222222
Tonga,TON,2014,32.88888889
Trinidad and Tobago,TTO,2002,796.6666667
Trinidad and Tobago,TTO,2003,150.7333333
Trinidad and Tobago,TTO,2004,84.88461538
Trinidad and Tobago,TTO,2005,160.84
Trinidad and Tobago,TTO,2006,939.8
Trinidad and Tobago,TTO,2007,67.84
Trinidad and Tobago,TTO,2008,868
Trinidad and Tobago,TTO,2009,274.96
Trinidad and Tobago,TTO,2010,659.68
Trinidad and Tobago,TTO,2011,111.24
Trinidad and Tobago,TTO,2012,557.64
Trinidad and Tobago,TTO,2013,72.72
Trinidad and Tobago,TTO,2014,68.4
Tunisia,TUN,2002,25.21508481
Tunisia,TUN,2003,36.34014337
Tunisia,TUN,2004,36.14295951
Tunisia,TUN,2005,64.08901099
Tunisia,TUN,2006,34.54288817
Tunisia,TUN,2007,27.11781925
Tunisia,TUN,2008,34.37636684
Tunisia,TUN,2009,43.52789065
Tunisia,TUN,2010,40.39567836
Tunisia,TUN,2011,51.42338852
Tunisia,TUN,2012,50.6695927
Tunisia,TUN,2013,33.08902909
Tunisia,TUN,2014,31.81965517
Turkey,TUR,2002,72.79594899
Turkey,TUR,2003,84.29466883
Turkey,TUR,2004,85.62753969
Turkey,TUR,2005,86.75933697
Turkey,TUR,2006,91.83734389
Turkey,TUR,2007,90.34046135
Turkey,TUR,2008,71.97248898
Turkey,TUR,2009,104.5661562
Turkey,TUR,2010,98.3756547
Turkey,TUR,2011,89.94113637
Turkey,TUR,2012,100.3464062
Turkey,TUR,2013,112.3813551
Turkey,TUR,2014,105.2683763
Uganda,UGA,2002,1.332678571
Uganda,UGA,2003,1.595042735
Uganda,UGA,2004,1.471932773
Uganda,UGA,2005,0.967394958
Uganda,UGA,2006,1.25442623
Uganda,UGA,2007,1.19952
Uganda,UGA,2008,2.942015504
Uganda,UGA,2009,2.082727273
Uganda,UGA,2010,1.719407407
Uganda,UGA,2011,1.761751825
Uganda,UGA,2012,1.845362319
Uganda,UGA,2013,2.323188406
Uganda,UGA,2014,1.697246377
Ukraine,UKR,2002,15.94939159
Ukraine,UKR,2003,15.77835591
Ukraine,UKR,2004,16.41801613
Ukraine,UKR,2005,17.19246888
Ukraine,UKR,2006,21.55365839
Ukraine,UKR,2007,27.63889745
Ukraine,UKR,2008,32.78684486
Ukraine,UKR,2009,27.30340538
Ukraine,UKR,2010,32.65818887
Ukraine,UKR,2011,38.87227299
Ukraine,UKR,2012,41.30020296
Ukraine,UKR,2013,45.79382648
Ukraine,UKR,2014,45.15723464
United Arab Emirates,ARE,2002,672.2666667
United Arab Emirates,ARE,2003,939.375
United Arab Emirates,ARE,2004,495.5555556
United Arab Emirates,ARE,2005,218.5441176
United Arab Emirates,ARE,2006,911.4624506
United Arab Emirates,ARE,2007,1104.932735
United Arab Emirates,ARE,2008,423.6434109
United Arab Emirates,ARE,2009,1324.849699
United Arab Emirates,ARE,2010,674.9011858
United Arab Emirates,ARE,2011,757.6496674
United Arab Emirates,ARE,2012,767.115903
United Arab Emirates,ARE,2013,855.4666667
United Arab Emirates,ARE,2014,846.4
United Kingdom,GBR,1913,28.2
United Kingdom,GBR,1922,21.1
United Kingdom,GBR,1937,60.1
United Kingdom,GBR,1957,82.9
United Kingdom,GBR,1999,299.4
United Kingdom,GBR,2002,319.050121
United Kingdom,GBR,2003,314.1897862
United Kingdom,GBR,2004,287.3345936
United Kingdom,GBR,2005,272.8224821
United Kingdom,GBR,2006,254.1844437
United Kingdom,GBR,2007,254.0673788
United Kingdom,GBR,2008,208.1598668
United Kingdom,GBR,2009,239.8743594
United Kingdom,GBR,2010,251.9262982
United Kingdom,GBR,2011,238.700099
United Kingdom,GBR,2012,235.0289762
United Kingdom,GBR,2013,246.5923963
United Kingdom,GBR,2014,243.3624769
United States,USA,1880,1.4
United States,USA,1890,1.9
United States,USA,1900,2.9
United States,USA,1913,5.8
United States,USA,1922,7
United States,USA,1937,8.7
United States,USA,1957,23.4
United States,USA,1999,108.3
United States,USA,2002,112.5172711
United States,USA,2003,119.5608096
United States,USA,2004,122.6708409
United States,USA,2005,118.5997638
United States,USA,2006,126.1956865
United States,USA,2007,123.2690882
United States,USA,2008,112.4273202
United States,USA,2009,108.492815
United States,USA,2010,117.1244153
United States,USA,2011,132.3323903
United States,USA,2012,136.5243783
United States,USA,2013,139.7091467
United States,USA,2014,137.6027532
Upper middle income,,2002,129.3674831
Upper middle income,,2003,137.9651232
Upper middle income,,2004,144.244458
Upper middle income,,2005,141.0241635
Upper middle income,,2006,148.304583
Upper middle income,,2007,158.7470684
Upper middle income,,2008,156.6806896
Upper middle income,,2009,155.6439737
Upper middle income,,2010,167.6543596
Upper middle income,,2011,174.3072757
Upper middle income,,2012,176.3407859
Upper middle income,,2013,176.733644
Upper middle income,,2014,178.7842154
Uruguay,URY,2002,61.02679218
Uruguay,URY,2003,110.6296029
Uruguay,URY,2004,129.9884809
Uruguay,URY,2005,140.5560345
Uruguay,URY,2006,148.6969914
Uruguay,URY,2007,139.5115176
Uruguay,URY,2008,104.4140197
Uruguay,URY,2009,93.92574032
Uruguay,URY,2010,145.7835711
Uruguay,URY,2011,131.5880102
Uruguay,URY,2012,157.0891779
Uruguay,URY,2013,156.5070132
Uruguay,URY,2014,164.8718161
Uzbekistan,UZB,2006,162.5
Uzbekistan,UZB,2007,166.6864368
Uzbekistan,UZB,2008,173.0196759
Uzbekistan,UZB,2009,193.3355814
Uzbekistan,UZB,2010,182.5811494
Uzbekistan,UZB,2011,204.7504651
Uzbekistan,UZB,2012,196.6852273
Uzbekistan,UZB,2013,208.1554545
Uzbekistan,UZB,2014,219.8113636
Venezuela,VEN,2002,144.37
Venezuela,VEN,2003,168.8603846
Venezuela,VEN,2004,159.5343396
Venezuela,VEN,2005,166.7510358
Venezuela,VEN,2006,122.7156309
Venezuela,VEN,2007,135.4983076
Venezuela,VEN,2008,177.9740741
Venezuela,VEN,2009,166.1769231
Venezuela,VEN,2010,170.6888889
Venezuela,VEN,2011,170.3703704
Venezuela,VEN,2012,169.2592593
Venezuela,VEN,2013,179.6296296
Venezuela,VEN,2014,179.6296296
Vietnam,VNM,2002,304.9639394
Vietnam,VNM,2003,342.3026896
Vietnam,VNM,2004,403.9071026
Vietnam,VNM,2005,292.265335
Vietnam,VNM,2006,300.1652489
Vietnam,VNM,2007,353.0065297
Vietnam,VNM,2008,305.6986868
Vietnam,VNM,2009,407.72
Vietnam,VNM,2010,323.3497996
Vietnam,VNM,2011,309.5481235
Vietnam,VNM,2012,331.9247653
Vietnam,VNM,2013,440.3856573
Vietnam,VNM,2014,397.3506514
World,OWID_WRL,2002,104.5523293
World,OWID_WRL,2003,110.0929342
World,OWID_WRL,2004,114.4451437
World,OWID_WRL,2005,113.7435533
World,OWID_WRL,2006,117.8222042
World,OWID_WRL,2007,124.4703401
World,OWID_WRL,2008,120.0323606
World,OWID_WRL,2009,119.5777084
World,OWID_WRL,2010,129.1649291
World,OWID_WRL,2011,133.9128422
World,OWID_WRL,2012,133.7843812
World,OWID_WRL,2013,135.2245488
World,OWID_WRL,2014,138.0412599
Yemen,YEM,2002,8.197879859
Yemen,YEM,2003,4.496805112
Yemen,YEM,2004,13.66415094
Yemen,YEM,2005,3.808080808
Yemen,YEM,2006,8.423580786
Yemen,YEM,2007,21.40659341
Yemen,YEM,2008,14.63453815
Yemen,YEM,2009,12.04099061
Yemen,YEM,2010,19.45778466
Yemen,YEM,2011,12.40310078
Yemen,YEM,2012,9.709497207
Yemen,YEM,2013,21.53365385
Yemen,YEM,2014,18.46394231
Zambia,ZMB,2002,26.07474826
Zambia,ZMB,2003,26.17292971
Zambia,ZMB,2004,29.90461216
Zambia,ZMB,2005,27.98386505
Zambia,ZMB,2006,25.67706605
Zambia,ZMB,2007,32.33435063
Zambia,ZMB,2008,38.65661861
Zambia,ZMB,2009,25.77774648
Zambia,ZMB,2010,29.17352941
Zambia,ZMB,2011,46.14722222
Zambia,ZMB,2012,33.91710526
Zambia,ZMB,2013,42.30405405
Zambia,ZMB,2014,46.20368421
Zimbabwe,ZWE,2002,35.70136986
Zimbabwe,ZWE,2003,40.00876712
Zimbabwe,ZWE,2004,22.72421053
Zimbabwe,ZWE,2005,21.79948718
Zimbabwe,ZWE,2006,32.35634146
Zimbabwe,ZWE,2007,27.03525
Zimbabwe,ZWE,2008,21.99411765
Zimbabwe,ZWE,2009,28.77804878
Zimbabwe,ZWE,2010,34.083
Zimbabwe,ZWE,2011,26.54833333
Zimbabwe,ZWE,2012,20.8095
Zimbabwe,ZWE,2013,28.61325
Zimbabwe,ZWE,2014,29.43425